"state_name","race_grp","value","value_adj","pop_share_agg","pop_weighted","pop_share_agg_adj","effective_demand"
"Alabama","American Indian or Alaska Native",0.002,0.00270771417669166,0.00415745702184667,4579.1102103187,0.00431199811830641,0.627948830774338
"Alabama","Asian",0.015,0.0203078563251874,0.0117937546480777,15832.8190752923,0.012232152391004,1.6602030187363
"Alabama","Black",0.173,0.234217276283828,0.23586836734938,293522.812340946,0.244636072203284,0.957411039894401
"Alabama","Hispanic",,,0.0244680494587979,42818.634,,
"Alabama","Native Hawaiian or Other Pacific Islander",0.000630398,0.000853468800779033,0.000386072131737742,429.148794038526,0.000400423214680458,2.13141688465817
"Alabama","Other",,,0.0113717380874068,14061.8473006906,,
"Alabama","White",0.548,0.741913684413514,0.711954561302753,738914.197278714,0.738419354072725,1.00473217599392
"Alaska","American Indian or Alaska Native",0.335545723302376,0.329964147690327,0.131303091586964,10563.2243314082,0.138445846264642,2.38334451045641
"Alaska","Asian",0.0722713869344713,0.071945266140293,0.0666319742975274,5215.83548019845,0.070256685950119,1.02403444123984
"Alaska","Black",0.0228613567164036,0.022032822846818,0.0247887924705612,2023.8281083129,0.0261372775765331,0.842965484155847
"Alaska","Hispanic",0.032869508,0.0452430945447674,0.0555727642000596,4823.479339005,0.058595866067989,0.772120929013518
"Alaska","Native Hawaiian or Other Pacific Islander",0.00958701996557146,0.00927933286363102,0.0106209938216523,867.761680852846,0.0111987650864739,0.828603224728661
"Alaska","Other",,,0.0515924086593708,4228.06284042058,,
"Alaska","White",0.559734513081178,0.521535335914164,0.659489974963864,51680.63299661,0.695365559054243,0.750016058637556
"Arizona","American Indian or Alaska Native",0.026,0.0386329866270431,0.0312023321797588,44731.5081945198,0.0316705870018607,1.21983803535985
"Arizona","Asian",0.031,0.0460624071322437,0.0302774665722037,43687.243703711,0.0307318418939517,1.49884954150142
"Arizona","Black",0.019,0.0282317979197623,0.0357788931212739,51572.6478067649,0.0363158286021536,0.777396496416113
"Arizona","Hispanic",0.102,0.151560178306092,0.225401527460408,339147.612561554,0.228784138463151,0.662459291645793
"Arizona","Native Hawaiian or Other Pacific Islander",,,0.00134252884689672,2030.61417221365,,
"Arizona","Other",,,0.013442635131101,21469.8634524888,,
"Arizona","White",0.495,0.735512630014859,0.662554616688358,873968.339379056,0.672497604038883,1.09370297469838
"Arkansas","American Indian or Alaska Native",0.00229357798165138,0.002134101485513,0.00565037295543177,2266.58125190431,0.00572882470356354,0.37251994884492
"Arkansas","Asian",0.0137614678899083,0.0136350467747835,0.0128831035213709,5417.26785756123,0.0130619770223922,1.04387312513327
"Arkansas","Black",0.11697247706422,0.115354184062613,0.133859525322547,53211.2362218241,0.135718077642629,0.849954450182843
"Arkansas","Hispanic",0.102,0.102,0.0485400768934263,19876.2762762763,0.0492140242446501,2.07257995186378
"Arkansas","Native Hawaiian or Other Pacific Islander",0.00114678899082569,0.00111033417925024,0.0017171431911088,668.182551335665,0.001740984605861,0.637762203934668
"Arkansas","Other",,,0.0136942134191984,5258.53521177617,,
"Arkansas","White",0.865825688073395,0.76576633349784,0.783655564696917,292373.870579272,0.794536111780904,0.96379047112336
"California","American Indian or Alaska Native",0.003,0.00463678516228748,0.0039455781520887,38533.4315370855,0.00403166452211575,1.15009201208393
"California","Asian",0.118,0.182380216383308,0.158373055914872,1630428.7724462,0.161828509328356,1.12699682608614
"California","Black",0.03,0.0463678516228748,0.054182920815199,566069.904267261,0.0553651077573014,0.837492303385971
"California","Hispanic",0.195,0.301391035548686,0.319076143912075,3773118.039,0.326037888410047,0.924404942684567
"California","Native Hawaiian or Other Pacific Islander",0.004,0.00618238021638331,0.00338490419972363,37443.1671640198,0.00345875753736168,1.78745695516408
"California","Other",,,0.0213525628322549,261970.130147882,,
"California","White",0.297,0.459041731066461,0.439684834173787,4040528.37543755,0.449278072444819,1.02173188325998
"Colorado","American Indian or Alaska Native",0.0046,0.00534572922719349,0.00544502932148403,3032.03541548802,0.00553309480808307,0.96613729072275
"Colorado","Asian",0.0229,0.0266124346310285,0.0300059961337553,19338.2756554669,0.0304912997922649,0.872787805450641
"Colorado","Black",0.0244,0.0283556072051133,0.0339717401902084,21605.8976662866,0.0345211840322576,0.8213972956031
"Colorado","Hispanic",0.0816,0.094828588030215,0.160566087844693,105413.800838574,0.163163012456569,0.581189245053053
"Colorado","Native Hawaiian or Other Pacific Islander",0.0019,0.00220801859384079,0.00101497773484541,731.089733725591,0.00103139353406869,2.14081097166713
"Colorado","Other",,,0.01591613548179,10697.3782727159,,
"Colorado","White",0.7251,0.842649622312609,0.753080033293224,447489.187087803,0.765260015376757,1.10112851237596
"Connecticut","American Indian or Alaska Native",0.002,0.00233918128654971,0.00173962493337163,695.992383621805,0.00175872457216428,1.33004412605159
"Connecticut","Asian",0.027,0.0315789473684211,0.0364819950658475,15157.4787670885,0.0368825371107598,0.856203229012911
"Connecticut","Black",0.056,0.0654970760233918,0.0830307555868255,34191.5597119503,0.0839423644112149,0.780262463212691
"Connecticut","Hispanic",0.069,0.0807017543859649,0.106559027407208,44586.637,0.107728957140067,0.749118496348558
"Connecticut","Native Hawaiian or Other Pacific Islander",,,0.000140118834023898,60.3036779011886,,
"Connecticut","Other",,,0.0107198185859374,4410.7107260977,,
"Connecticut","White",0.701,0.819883040935672,0.761328659586786,297299.781733341,0.769687416765794,1.06521559671691
"Delaware","American Indian or Alaska Native",,,0.00356385088914883,662.659956191327,,
"Delaware","Asian",0.037037037037037,0.0368777393337432,0.0336829885364641,6230.78329514151,0.0341413602528843,1.08014850786819
"Delaware","Black",0.123456790123457,0.12228723814044,0.181252186372049,33763.0002109533,0.183718739352713,0.665622018588246
"Delaware","Hispanic",0.03,0.0379746835443038,0.0543649475511546,10070.1212121212,0.0551047677216583,0.689136078680507
"Delaware","Native Hawaiian or Other Pacific Islander",,,9.81467997397066e-05,19.3565431230538,,
"Delaware","Other",,,0.00976370395349271,1836.49745481253,,
"Delaware","White",0.839506172839506,0.802860338981512,0.717274175897951,133621.308600384,0.727035132672745,1.10429373066198
"District of Columbia","American Indian or Alaska Native",,,0.00244814291827784,543.06258264689,,
"District of Columbia","Asian",,,0.0383586920373125,7670.08124470424,,
"District of Columbia","Black",0.468836066225885,0.454591088158043,0.471100232529522,73603.8319237085,0.500441104459184,0.908380794677747
"District of Columbia","Hispanic",0.054330622,0.0774746217085372,0.0878551023046461,17357.84054235,0.0933268578400808,0.830142828137351
"District of Columbia","Native Hawaiian or Other Pacific Islander",,,0.000104027891244482,32.0201888295462,,
"District of Columbia","Other",,,0.0177191570860197,3880.29453207556,,
"District of Columbia","White",0.531163933774115,0.46793429013342,0.382414645232977,72424.0731022892,0.406232037700735,1.15188918329022
"Florida","American Indian or Alaska Native",0.00492845701110373,0.00388570816205688,0.00192953346215318,4758.80398245105,0.00199750394855603,1.94528184280477
"Florida","Asian",,,0.0245224858877828,58008.930550597,,
"Florida","Black",0.0859600232885284,0.0827484438864871,0.112758343705142,268823.169069935,0.116730412403585,0.708885047029489
"Florida","Hispanic",0.127761618,0.196602180895946,0.201739013153074,472850.409940214,0.208845549069349,0.941375967896078
"Florida","Native Hawaiian or Other Pacific Islander",,,0.000422876611882024,1043.97783423239,,
"Florida","Other",,,0.00908234815992352,21998.0487344528,,
"Florida","White",0.909111519700368,0.71676366705551,0.649545399020043,1424938.71203841,0.67242653457851,1.06593602452763
"Georgia","American Indian or Alaska Native",0,0,0.00204987433484013,2809.54153915143,0.00207197560681023,0
"Georgia","Asian",0.0537634408602151,0.053525626153436,0.0378819975909074,52286.0138584885,0.0382904325458202,1.39788512677115
"Georgia","Black",0.247311827956989,0.245500125199716,0.285555672090452,390175.453696173,0.28863446744108,0.850557202596849
"Georgia","Hispanic",0.03,0.0405405405405405,0.0639694177876716,91984.3123123123,0.0646591212862056,0.626988733130054
"Georgia","Native Hawaiian or Other Pacific Islander",0,0,0.000429759559548406,542.791389154527,0.000434393127931549,0
"Georgia","Other",,,0.0106667626286034,14688.5576532898,,
"Georgia","White",0.698924731182796,0.660433708106307,0.599446516007977,752509.958180059,0.605909609992153,1.0899871816109
"Hawaii","American Indian or Alaska Native",,,0.00165067629154647,345.954549781855,,
"Hawaii","Asian",0.57,0.575757575757576,0.45279513752583,80694.4356067801,0.57163544207109,1.00721112335434
"Hawaii","Black",0.01,0.0101010101010101,0.0138377950448082,2715.53272512546,0.0174696533424607,0.578203236377862
"Hawaii","Hispanic",,,0.0667813902647189,12767.984984985,,
"Hawaii","Native Hawaiian or Other Pacific Islander",0.12,0.121212121212121,0.0839483361376678,15629.3371559738,0.105981359476173,1.14371170374893
"Hawaii","Other",,,0.139463203398813,26563.4632186588,,
"Hawaii","White",0.29,0.292929292929293,0.241523461336616,43888.5109779143,0.304913545110276,0.96069622890433
"Idaho","American Indian or Alaska Native",0.00890404000340531,0.00723446236677388,0.00893185534172144,1627.66611440569,0.00908263797358864,0.796515548435481
"Idaho","Asian",0.0174463637823192,0.0165816791454601,0.011711446083447,2266.77274997837,0.0119091522257738,1.39234756858461
"Idaho","Black",0.00485209880222622,0.00479543587655652,0.00285510621598747,605.469887622567,0.00290330453683309,1.65171645472209
"Idaho","Hispanic",0.040026298,0.0644011080312692,0.0802338276658204,15930.252163599,0.0815882906790895,0.789342533042855
"Idaho","Native Hawaiian or Other Pacific Islander",0.00484479136858611,0.00444494745836293,0.000412424439483833,91.1644157892488,0.000419386760306613,10.5986833134962
"Idaho","Other",,,0.0166011936516305,3181.96894312909,,
"Idaho","White",0.963952706043463,0.902542367121577,0.879254146601909,154368.933079434,0.894097227824408,1.00944543729066
"Illinois","American Indian or Alaska Native",0.002713583,0.0027652304873487,0.000776729354367842,4675.37256699471,0.000786527882607102,3.51574374983732
"Illinois","Asian",0.05830316,0.0594128410816139,0.0553378061693749,325332.476987071,0.0560358988233992,1.06026390812178
"Illinois","Black",0.092440815,0.0942002363345292,0.128849229709525,738977.345791773,0.130474677246452,0.721980987594979
"Illinois","Hispanic",0.107966051,0.110020963362405,0.136566090840377,905726.037,0.138288887449132,0.79558788411596
"Illinois","Native Hawaiian or Other Pacific Islander",0.001891554,0.00192755585116297,0.000190486264494966,1395.16223492784,0.000192889270163992,9.99306933726374
"Illinois","Other",,,0.0124579540737704,86755.668522737,,
"Illinois","White",0.718007375,0.731673172882941,0.665821703588089,3455890.9158965,0.674221119328247,1.08521247986408
"Indiana","American Indian or Alaska Native",,,0.00201001172932645,778.479287671783,,
"Indiana","Asian",0.0214362272240086,0.0213708243415283,0.0172865379011473,6424.00504216079,0.0174728933683867,1.22308445950881
"Indiana","Black",0.0578778135048232,0.0572636937316232,0.0757931299092915,27561.4452737371,0.0766102087378315,0.747468185703368
"Indiana","Hispanic",0.029,0.0312837108953614,0.0398306200075264,15382.2562562563,0.0402600092724205,0.777041820424811
"Indiana","Native Hawaiian or Other Pacific Islander",,,0.000368973482114438,130.252084406816,,
"Indiana","Other",,,0.00828641881240341,3233.5440759859,,
"Indiana","White",0.920685959271168,0.890081771031487,0.856424308158191,297585.357319121,0.865656888621361,1.02821543123052
"Iowa","American Indian or Alaska Native",0.00194198325039447,0.0017458357868962,0.00294000389623299,1121.91549203848,0.00296781549855417,0.588256172847238
"Iowa","Asian",0.0185702148318971,0.0185061631164728,0.021035711968392,7960.62549907974,0.0212347038325039,0.871505591151474
"Iowa","Black",0.016506857628353,0.0162891356773785,0.028873643449223,10711.1584249327,0.0291467799203012,0.55886570392748
"Iowa","Hispanic",0.0228,0.0286828531890804,0.0407226784836362,15787.6676,0.0411079034627225,0.697745464326357
"Iowa","Native Hawaiian or Other Pacific Islander",0.00121373953149654,,0.000283767744621263,107.86850812542,,
"Iowa","Other",,,0.0090873007516264,3454.68075856931,,
"Iowa","White",0.961767204757859,0.933562272698676,0.897056893706268,315150.419817254,0.905542797285918,1.03094218793053
"Kansas","American Indian or Alaska Native",0.00397366857190048,0.00341841813121126,0.00699589908018065,2012.67505342009,0.00712262848466674,0.479937727844471
"Kansas","Asian",0.0250306974348806,0.0244866563136098,0.0238168061256637,7577.82266198463,0.0242482431178892,1.00983218431791
"Kansas","Black",0.03670611874806,0.0357680581667071,0.049701701048865,14644.4218087534,0.0506020380754113,0.706850149264791
"Kansas","Hispanic",0.066324157,0.0820179490422863,0.078154753575936,24582.2558276927,0.0795705123318756,1.03075808661634
"Kansas","Native Hawaiian or Other Pacific Islander",0.00064465546658518,,0.000254074660392355,89.3203486146166,,
"Kansas","Other",,,0.0175384305585598,5270.71390660113,,
"Kansas","White",0.933644859778574,0.8536642628796,0.823538334950403,228432.825155931,0.838456577990157,1.01813771313703
"Kentucky","American Indian or Alaska Native",0.001039777,0.00121693555217215,0.00133825733329859,707.177561576544,0.00138423119821197,0.879141832480073
"Kentucky","Asian",0.011825337,0.0138401532364313,0.012721853773951,6778.77955815631,0.013158894373168,1.05177174038667
"Kentucky","Black",0.046220368,0.0540954541730392,0.0722421683739569,38503.2426961637,0.0747239419516044,0.723937372148736
"Kentucky","Hispanic",,,0.0230559954969057,12260.3893492914,,
"Kentucky","Native Hawaiian or Other Pacific Islander",0.000672987,0.00078765139683767,0.000530431560493339,280.014984741858,0.000548653757600829,1.43560740435268
"Kentucky","Other",,,0.0101565668068188,5325.02223750738,,
"Kentucky","White",0.794663935,0.93005980564152,0.879954726654576,464778.018523003,0.910184278719415,1.02183681633138
"Louisiana","American Indian or Alaska Native",0.0025,0.00274122807017544,0.00415253881776725,2308.97676118851,0.00436449486331526,0.628074532339628
"Louisiana","Asian",0.0233,0.0255482456140351,0.0148950401880692,8295.74893811016,0.0156553205743798,1.63192094934455
"Louisiana","Black",0.271,0.297149122807018,0.283188966975608,155494.092828785,0.29764364547883,0.998338541140306
"Louisiana","Hispanic",,,0.0382506715538155,21336.5183036607,,
"Louisiana","Native Hawaiian or Other Pacific Islander",0.0018,0.00197368421052632,0.000122349198817701,65.1498010574827,0.000128594210242136,15.3481576410787
"Louisiana","Other",,,0.0103130344845518,5765.91838818472,,
"Louisiana","White",0.6134,0.672587719298246,0.64907739878137,348694.331626343,0.682207944873233,0.985898397039667
"Maine","American Indian or Alaska Native",0.002187871,0.0033705024828465,0.00672603667084015,1057.48670038894,0.00678550554336015,0.496720909195137
"Maine","Asian",0.005251828,0.00809065036900382,0.00845668553059808,1404.41445074285,0.00853145609435983,0.948331712607954
"Maine","Black",0.004598277,0.0070838290033169,0.00683840163675221,1157.45328408305,0.00689886399446424,1.02681093713415
"Maine","Hispanic",0.006722902,0.0103568985022123,0.00990409917715231,1495.27464546173,0.00999166718193959,1.03655359146999
"Maine","Native Hawaiian or Other Pacific Islander",0.00041696,0.000642343499798515,0.00029243655424845,37.782726492027,0.000295022158968713,2.17727204642494
"Maine","Other",,,0.00876410344667567,1394.96413097284,,
"Maine","White",0.629945256,0.970455776142822,0.959018236983733,148050.412219904,0.967497485026907,1.00305767318437
"Maryland","American Indian or Alaska Native",0.0076393035366815,0.00616410260203271,0.00262582235296815,1648.05405815395,0.00267341167125118,2.30570647548189
"Maryland","Asian",0.0733405534725397,0.0729753325854815,0.0636915696928211,42396.1870977029,0.064845889359051,1.12536559073803
"Maryland","Black",0.243850837067799,0.24015017531485,0.279616455862927,186517.336946898,0.284684108859404,0.843567195503182
"Maryland","Hispanic",0.048461759,0.051351855661069,0.074976397906293,53185.6288644804,0.0763352391316502,0.672714938018416
"Maryland","Native Hawaiian or Other Pacific Islander",0.00229870028957485,0.00214253252118084,0.000260888957051029,197.962612144821,0.000265617200604746,8.06624163007069
"Maryland","Other",,,0.0178009689995692,12293.1154438024,,
"Maryland","White",0.672870605633405,0.627216001315386,0.56102789622837,349800.307020423,0.571195733778039,1.09807543058281
"Massachusetts","American Indian or Alaska Native",9e-04,0.00104481077315997,0.00217949139332894,2053.67961239285,0.00220805405474258,0.473181700835571
"Massachusetts","Asian",0.04,0.0464360343626654,0.058356976354259,70704.7322320472,0.0591217559545971,0.785430568035331
"Massachusetts","Black",0.05,0.0580450429533318,0.0597587776547875,68803.2809013709,0.0605419281356158,0.958757752533237
"Massachusetts","Hispanic",0.05,0.0580450429533318,0.0859335369255693,105821.421568627,0.0870597127511745,0.666726791521015
"Massachusetts","Native Hawaiian or Other Pacific Islander",5e-04,0.000580450429533318,0.000387100238639665,385.756400892672,0.000392173263054097,1.48008669691806
"Massachusetts","Other",,,0.0129356712768382,15869.4245112582,,
"Massachusetts","White",0.72,0.835848618527978,0.780448446156577,801747.302812626,0.790676375840816,1.05713113995486
"Michigan","American Indian or Alaska Native",0.0036,0.00547029326850023,0.00456985094828829,6426.99176233416,0.00463641010228999,1.17985535097475
"Michigan","Asian",0.0374,0.0568302689560857,0.0269593074462247,36035.581756013,0.0273519654817706,2.07773986092376
"Michigan","Black",0.0557,0.0846375930709619,0.115412999667828,153839.922581788,0.117093971696372,0.722817680917249
"Michigan","Hispanic",0.0145,0.0220331256647926,0.0331203092423266,45111.976113258,0.0336027012915179,0.655695072656383
"Michigan","Native Hawaiian or Other Pacific Islander",,,0.000145598348597357,270.423404510227,,
"Michigan","Other",,,0.0142101537383078,19290.0670636774,,
"Michigan","White",0.5469,0.83102871903966,0.805581780608427,1048778.34999459,0.817314951428049,1.01677904899164
"Minnesota","American Indian or Alaska Native",0.007,0.00701402805611222,0.00717298177963821,10499.7877541106,0.00727679092115866,0.963890282420729
"Minnesota","Asian",0.033,0.0330661322645291,0.0391461954344146,64966.8537972568,0.0397127287209446,0.83263309597484
"Minnesota","Black",0.036,0.0360721442885771,0.0435682096903725,72297.553613388,0.0441987394455685,0.816135137360662
"Minnesota","Hispanic",0.02,0.0200400801603206,0.0334914073829295,59603.6884578437,0.0339761031978001,0.589828681754716
"Minnesota","Native Hawaiian or Other Pacific Islander",,,0.000309518840140744,650.079853447295,,
"Minnesota","Other",,,0.0139562670873637,25224.8276557509,,
"Minnesota","White",0.902,0.903807615230461,0.862355419785141,1137310.43607778,0.874835637714528,1.03311705224037
"Mississippi","American Indian or Alaska Native",0.00158323589418784,0.00143538695889798,0.00327708158946177,1277.17422331113,0.00329998108527034,0.434968238243823
"Mississippi","Asian",0.0177993624036924,0.0175975825104872,0.00853256857346801,3701.62753263279,0.00859219220899566,2.04808994985741
"Mississippi","Black",0.343383067342851,0.34196566769591,0.331612812965916,135204.328007333,0.333930047375032,1.02406378337033
"Mississippi","Hispanic",0.015965653,0.0175574695294606,0.0184547790954282,7719.00688815801,0.0185837368662396,0.944776051008163
"Mississippi","Native Hawaiian or Other Pacific Islander",0.000781083421680387,,5.01923854864118e-05,20.24877203932,,
"Mississippi","Other",,,0.00688908854275223,2910.28265102753,,
"Mississippi","White",0.636453250937589,0.620662809883564,0.631183476847487,239909.748139588,0.635594042464463,0.976508224458801
"Missouri","American Indian or Alaska Native",0.00168796722277395,0.00140182913345557,0.00351145757950685,2336.84558948273,0.00355460680741387,0.394369675580368
"Missouri","Asian",0.0212906026502532,0.0211210132313672,0.017874864574522,12302.3588515149,0.0180945131358017,1.16726065370487
"Missouri","Black",0.0736788988619954,0.072737529299683,0.0972445000827555,63736.6263344113,0.0984394526065345,0.738906275621189
"Missouri","Hispanic",0.040272582,0.0523194048831648,0.0277504757531367,19014.8435327608,0.0280914770540746,1.86246542972634
"Missouri","Native Hawaiian or Other Pacific Islander",0.0027265119191624,0.00244714496025632,0.000838706805747044,536.966229117116,0.000849012939393525,2.88234118316782
"Missouri","Other",,,0.0121389594531302,8284.74365247537,,
"Missouri","White",0.900616019345815,0.849973078492073,0.840641035751202,520004.362927669,0.850970937456782,0.99882738772761
"Montana","American Indian or Alaska Native",,,0.0443742372518987,6583.24176181269,,
"Montana","Asian",,,0.00670642305712868,879.54709821424,,
"Montana","Black",,,0.00315112883075637,449.063184567632,,
"Montana","Hispanic",,,0.0276034558019982,3819.06606606607,,
"Montana","Native Hawaiian or Other Pacific Islander",,,0.00067218366588934,85.9911665772132,,
"Montana","Other",,,0.0180531998426876,2782.19734428136,,
"Montana","White",,,0.899439371549641,126082.967452555,,
"Nebraska","American Indian or Alaska Native",0.00445250704376137,0.00384372311121207,0.00606769038499937,1418.19299041584,0.00612734021006651,0.627306952027453
"Nebraska","Asian",0.0229616600421758,0.0228485039874899,0.0206969458765186,5036.78799133363,0.0209004119604194,1.09320830760464
"Nebraska","Black",0.0304664779828846,0.0298477524729374,0.0370182703663432,8653.44093679,0.0373821869823095,0.798448536118617
"Nebraska","Hispanic",0.053092302,0.056902439075652,0.069174658244704,17374.192728732,0.0698546956232717,0.814582879045503
"Nebraska","Native Hawaiian or Other Pacific Islander",0.000904171009677288,0.000892221709697459,0.000138019912659366,41.4077111040881,0.000139376749136432,6.40151040417858
"Nebraska","Other",,,0.00973502743802862,2534.14917048426,,
"Nebraska","White",0.941215183921501,0.885665359643011,0.857169387776747,172292.258057793,0.865595988474796,1.02318561018701
"Nevada","American Indian or Alaska Native",0.006,0.00708382526564345,0.0086250039270066,3194.42557782705,0.0088691531030206,0.798703684935925
"Nevada","Asian",0.114,0.134592680047226,0.092303251830064,33878.0991791692,0.0949160927132036,1.41801749524085
"Nevada","Black",0.055,0.0649350649350649,0.0815461679202703,30451.2228786968,0.0838545065451946,0.774377759888996
"Nevada","Hispanic",0.177,0.208972845336482,0.214786292560951,81330.7977977978,0.220866277775063,0.946150980772656
"Nevada","Native Hawaiian or Other Pacific Islander",,,0.00506050500936843,1885.47501433422,,
"Nevada","Other",,,0.0224673968295175,8502.79002644115,,
"Nevada","White",0.495,0.584415584415584,0.575211381922822,208122.277613822,0.591493969863518,0.988033038697644
"New Hampshire","American Indian or Alaska Native",,,0.000939032045799638,181.970498682006,,
"New Hampshire","Asian",,,0.0223582519620042,4251.96457169424,,
"New Hampshire","Black",,,0.00989801661755794,1757.64200927098,,
"New Hampshire","Hispanic",,,0.0253655765284507,4924.26026026026,,
"New Hampshire","Native Hawaiian or Other Pacific Islander",,,0.000602656013120846,102.18148207997,,
"New Hampshire","Other",,,0.0104870970421525,2153.99155508884,,
"New Hampshire","White",,,0.930349369790914,174622.700333634,,
"New Jersey","American Indian or Alaska Native",,,0.000952068341442316,1449.16743286597,,
"New Jersey","Asian",0.08,0.1,0.0911832021661459,150425.339444939,0.092277180937431,1.08369153656531
"New Jersey","Black",0.05,0.0625,0.116479804772634,183920.401257186,0.117877281837242,0.530212429620633
"New Jersey","Hispanic",0.08,0.1,0.164460582198942,276749.323232323,0.166433713009933,0.600839806980885
"New Jersey","Native Hawaiian or Other Pacific Islander",,,0.000315411321406876,497.986557297092,,
"New Jersey","Other",,,0.0105878756933893,17619.9364581528,,
"New Jersey","White",0.59,0.7375,0.61602105550604,887162.471879863,0.623411824215394,1.18300611466296
"New Mexico","American Indian or Alaska Native",0.08780679,0.0983967100396865,0.0760959223175723,63493.368489998,0.0770334234733159,1.27732490136273
"New Mexico","Asian",0.021766223,0.0243913338955923,0.0160265433139346,13594.7564563183,0.0162239901996781,1.50341152795298
"New Mexico","Black",0.013578467,0.0152160952493816,0.0179811134164127,13924.0613503655,0.0182026405902222,0.835927906940885
"New Mexico","Hispanic",0.352342758,0.394836984628517,0.436496788707909,352401.218602694,0.441874425661756,0.893550207249956
"New Mexico","Native Hawaiian or Other Pacific Islander",,,0.000348523039706058,304.986751011344,,
"New Mexico","Other",,,0.0118215339754588,10297.6131479306,,
"New Mexico","White",0.416881025,0.467158876186822,0.441229575229007,272769.288491376,0.446665520075028,1.04588076578723
"New York","American Indian or Alaska Native",,,0.00219024650116964,5632.80628927302,,
"New York","Asian",0.119554204660588,0.118592285527967,0.0833826678286409,215456.976294998,0.0847126400971181,1.39993612986218
"New York","Black",0.103343465045593,0.0908827854793123,0.132074210353983,340913.526882487,0.134180823655356,0.677315752008984
"New York","Hispanic",0.127,0.127,0.157289756669272,411670.088088088,0.159798563594418,0.794750573117392
"New York","Native Hawaiian or Other Pacific Islander",,,0.000133005393496737,323.852552887353,,
"New York","Other",,,0.0133765570943164,35310.9174055795,,
"New York","White",0.77710233029382,0.66352492899272,0.611553556159122,1506068.02968388,0.621307972653108,1.06794851860558
"North Carolina","American Indian or Alaska Native",0.00852878464818763,0.00785129259508118,0.00991290250300155,18771.9091273677,0.0100377659192426,0.782175302577049
"North Carolina","Asian",0.035181236673774,0.0349816044376422,0.0242496647765535,53369.5041013627,0.0245551147681966,1.42461579869909
"North Carolina","Black",0.182302771855011,0.179949209324797,0.192882591316615,363527.008011701,0.195312150093969,0.921341602343833
"North Carolina","Hispanic",0.05,0.0515995872033024,0.0560380370861713,132581.24248497,0.0567438950069875,0.909341651589979
"North Carolina","Native Hawaiian or Other Pacific Islander",,,0.000396415600009114,971.242752989718,,
"North Carolina","Other",,,0.0120429476253967,25909.4281035077,,
"North Carolina","White",0.773987206823028,0.725618306439178,0.704477441092253,1191188.09327381,0.713351074211604,1.01719662683782
"North Dakota","American Indian or Alaska Native",,,0.0374795296091898,3234.2787439274,,
"North Dakota","Asian",,,0.0116613004514801,1159.23105518163,,
"North Dakota","Black",,,0.0185300726988002,1794.18885194861,,
"North Dakota","Hispanic",,,0.0227038147633963,2327.48093503,,
"North Dakota","Native Hawaiian or Other Pacific Islander",,,0.00247299692772129,223.432424708103,,
"North Dakota","Other",,,0.0130988353321647,1201.4942408336,,
"North Dakota","White",,,0.894053450217248,69563.1334957457,,
"Ohio","American Indian or Alaska Native",0.00214512406801844,0.00164427379135936,0.0014472241665138,1526.80973927446,0.00146385293900058,1.12325066784506
"Ohio","Asian",0.0243908482692913,0.0243093752747321,0.0193372489572093,21305.4168789554,0.0195594361766255,1.24284642232085
"Ohio","Black",0.0759962910088362,0.0752056447713147,0.104500454901532,107684.839280902,0.105701177173541,0.711492972758868
"Ohio","Hispanic",0.018486665,0.0233017971295016,0.0253167416215783,29208.732588148,0.0256076339009313,0.909955102437408
"Ohio","Native Hawaiian or Other Pacific Islander",0.000732424664064674,0.000602509055765655,0.000435972509359032,364.953112741154,0.000440981883743712,1.36628981365552
"Ohio","Other",,,0.0113595922402821,13345.8171438032,,
"Ohio","White",0.896735311989789,0.874936399977327,0.837602765603525,794039.189811986,0.847226917926157,1.03270609262392
"Oklahoma","American Indian or Alaska Native",0.0651507591222425,0.0628420440309901,0.0665944701055923,46601.1011739148,0.0703094476954494,0.893792315126625
"Oklahoma","Asian",0.0426568693201969,0.0420778971478118,0.0202899105197141,14475.1502110249,0.0214217847243054,1.9642573057916
"Oklahoma","Black",0.0604950578496869,0.0597332467701066,0.0609509997543389,42682.674246081,0.064351155920575,0.928238909085517
"Oklahoma","Hispanic",0.052265561,0.075090135498476,0.0728061238122051,54002.967159772,0.076867618977462,0.976876043480582
"Oklahoma","Native Hawaiian or Other Pacific Islander",,,0.000961757771211564,741.871187714854,,
"Oklahoma","Other",,,0.0518757727687644,37233.2816803934,,
"Oklahoma","White",0.831697313707874,0.760256676552616,0.726520965268174,486841.753284653,0.767049992682208,0.991143580999411
"Oregon","American Indian or Alaska Native",0.02,0.0238095238095238,0.00900582053667905,3397.81265385934,0.00922926110297766,2.5797865662119
"Oregon","Asian",0.04,0.0476190476190476,0.0421630471631362,17226.3775182295,0.0432091411971708,1.1020595711855
"Oregon","Black",0.01,0.0119047619047619,0.0139889508012106,5826.4707507277,0.0143360262371706,0.830408769334915
"Oregon","Hispanic",0.05,0.0595238095238095,0.0840512537934917,38285.1919191919,0.0861366228799883,0.69103950832554
"Oregon","Native Hawaiian or Other Pacific Islander",0.01,0.0119047619047619,0.00218520253109195,916.811238461831,0.00223941890027627,5.31600492578375
"Oregon","Other",,,0.0242100167939258,10385.4254075444,,
"Oregon","White",0.71,0.845238095238095,0.824395708380465,282933.556976632,0.844849529682416,1.00045992279338
"Pennsylvania","American Indian or Alaska Native",0.000216183011964512,0.000154024039407531,0.00124818154699497,916.467237561375,0.00126043472634402,0.122199139858903
"Pennsylvania","Asian",0.0140524113185075,0.0139688202725249,0.0292804319263291,21656.4433424713,0.0295678727915418,0.472432371818132
"Pennsylvania","Black",0.0696034034800758,0.0666535993055499,0.0860395499194078,62746.9692429596,0.0868841850919206,0.767154565989571
"Pennsylvania","Hispanic",0.026453426,0.0387741156773319,0.0480048609573681,35999.525577786,0.0484761162586122,0.799860192398217
"Pennsylvania","Native Hawaiian or Other Pacific Islander",0.00177188630063993,0.00136186204079138,0.000114938399416462,91.5651141753925,0.000116066729526398,11.7334402920489
"Pennsylvania","Other",,,0.00972139143181463,7138.75454262581,,
"Pennsylvania","White",0.914356115888812,0.879087578664394,0.825590645818669,583077.701431617,0.833695324402055,1.05444705389813
"Rhode Island","American Indian or Alaska Native",0.0027,0.00316901408450704,0.0026414698798988,354.271178816562,0.00267652759027837,1.18400202412165
"Rhode Island","Asian",0.0179,0.0210093896713615,0.0295423387952678,4127.2852854674,0.0299344260817067,0.701847084491143
"Rhode Island","Black",0.03,0.0352112676056338,0.0471086673523905,6309.54778387476,0.0477338957636533,0.737657529148191
"Rhode Island","Hispanic",0.08,0.0938967136150235,0.108115067488011,15184.2445646729,0.109549975662625,0.857113048607077
"Rhode Island","Native Hawaiian or Other Pacific Islander",0.0014,0.00164319248826291,0.00013654746649668,19.7467426738478,0.000138359730785565,11.8762336333943
"Rhode Island","Other",,,0.0130982062381524,1949.16202472874,,
"Rhode Island","White",0.72,0.845070422535211,0.799357702779783,97673.3333425191,0.809966815170951,1.04333956244473
"South Carolina","American Indian or Alaska Native",,,0.0035144884737001,2724.69939533188,,
"South Carolina","Asian",0.012587848,0.0166157211171443,0.0136776864231949,10145.2973759628,0.0138535964028057,1.19937961479657
"South Carolina","Black",0.153217548,0.202244263500852,0.232711157193525,177610.610027076,0.235704076730539,0.858043128936042
"South Carolina","Hispanic",0.022906519,0.030236171541678,0.0334488165728726,23631.948447697,0.0338790048707534,0.892475196866831
"South Carolina","Native Hawaiian or Other Pacific Islander",,,0.000756382716597856,487.272986045176,,
"South Carolina","Other",,,0.00842691316086324,6017.07409711467,,
"South Carolina","White",0.568874705,0.750903843840325,0.707464555459247,560879.360988491,0.716563321995902,1.04792391794318
"South Dakota","American Indian or Alaska Native",0.014,0.0156599552572707,0.0577964758922343,5682.17779253898,0.0585867062215215,0.267295368987958
"South Dakota","Asian",0.002,0.00223713646532438,0.0115430104203126,1152.83757153683,0.0117008338305568,0.191194618923832
"South Dakota","Black",0.006,0.00671140939597315,0.0167057096471775,1631.77051622304,0.0169341207783351,0.396324644416113
"South Dakota","Hispanic",0.002,0.00223713646532438,0.0258362734590887,2367.83488427,0.026189523489786,0.085421045029585
"South Dakota","Native Hawaiian or Other Pacific Islander",,,0.000524470733801394,56.0246365808725,,
"South Dakota","Other",,,0.0129637483563668,1325.88208403128,,
"South Dakota","White",0.87,0.973154362416107,0.874630311491019,83248.862496586,0.886588815679801,1.09763888874453
"Tennessee","American Indian or Alaska Native",,,0.00231385118239355,1871.52199109284,,
"Tennessee","Asian",0.0190067443286327,0.018789422762349,0.015799606646352,11893.1123239421,0.0160005107525563,1.17430143655553
"Tennessee","Black",0.118700183936235,0.118119413718629,0.142241810450159,105742.148069008,0.144050524074049,0.819986004756984
"Tennessee","Hispanic",0.0267,0.0308741905642923,0.0317892221784254,25343.1261,0.0321934464994252,0.959020978534983
"Tennessee","Native Hawaiian or Other Pacific Islander",,,0.000258818686139092,171.371148774885,,
"Tennessee","Other",,,0.00998343595278761,7431.29061709992,,
"Tennessee","White",0.862293071735132,0.832216972954729,0.797613254903744,551992.150450082,0.807755518673969,1.03028324005872
"Texas","American Indian or Alaska Native",,,0.00326411897874814,17967.2505138026,,
"Texas","Asian",0.0631,0.080918184149782,0.0484660482408621,278673.677724986,0.0491561737194271,1.64614488938146
"Texas","Black",0.0679,0.0870736086175943,0.118129009872079,665772.632798064,0.119811091296693,0.726757495280387
"Texas","Hispanic",0.2402,0.308027699410105,0.318478729931256,1884658.31000454,0.323013663021205,0.95360579032189
"Texas","Native Hawaiian or Other Pacific Islander",,,0.000723495829960067,4165.26868435022,,
"Texas","Other",,,0.0100518318435887,62970.2611854953,,
"Texas","White",0.4086,0.523980507822519,0.500886765303505,2636990.74966171,0.508019071962675,1.03141896976068
"Utah","American Indian or Alaska Native",0.01,0.0112485939257593,0.0091234365420546,3422.58361215946,0.00925299891195053,1.21567007980854
"Utah","Asian",0.025,0.0281214848143982,0.0240440760200088,8943.14648778244,0.0243855271230828,1.15320389313131
"Utah","Black",0.007,0.0078740157480315,0.00783675643354654,3095.04034650182,0.00794804659610176,0.990685655000239
"Utah","Hispanic",0.064,0.0719910011248594,0.109766556872544,42915.9210789211,0.111325357131434,0.646672087832286
"Utah","Native Hawaiian or Other Pacific Islander",0.006,0.00674915635545557,0.00690076250796072,2546.66674668003,0.00699876057486227,0.964335939665772
"Utah","Other",,,0.0140022030834347,6300.29016264512,,
"Utah","White",0.777,0.874015748031496,0.828326208540451,269646.049867008,0.840089309662568,1.04038432340313
"Vermont","American Indian or Alaska Native",0.000906653,0.000915439883593952,0.00435744467663048,333.098456432651,0.00445768638088809,0.205362110604912
"Vermont","Asian",0.011726766,0.0118404166775751,0.0139047764135632,871.794275918467,0.0142246516130102,0.832387112155746
"Vermont","Black",0.006547445,0.00661089996794562,0.00800078491138272,520.36994231718,0.00818484056198383,0.807700518767746
"Vermont","Hispanic",,,0.010784970764551,814.846492203846,,
"Vermont","Native Hawaiian or Other Pacific Islander",4.89e-05,4.93739173727372e-05,0.000545120776145344,22.7614556399223,0.000557661115652143,0.0885374934470697
"Vermont","Other",,,0.0117024129794886,804.235186096737,,
"Vermont","White",0.971171699,0.980583869553513,0.950704489478239,54179.1482851554,0.972575160328466,1.00823454016895
"Virginia","American Indian or Alaska Native",0.005,0.0053248136315229,0.00190853826023092,1685.87166219913,0.0019382931517346,2.74716630286687
"Virginia","Asian",0.044,0.0468583599574015,0.0636176298725517,59800.4525030082,0.0646094547230263,0.725255462351109
"Virginia","Black",0.141,0.150159744408946,0.178212048359719,164897.189362357,0.180990447029573,0.829655635827068
"Virginia","Hispanic",0.074,0.0788072417465389,0.0672325542646508,67116.35,0.0682807372638312,1.15416506769741
"Virginia","Native Hawaiian or Other Pacific Islander",,,0.00046959517728894,484.339214051185,,
"Virginia","Other",,,0.0148814839291123,14591.0748871472,,
"Virginia","White",0.675,0.718849840255591,0.673678150136446,588534.456371237,0.684181067831835,1.05067192597659
"Washington","American Indian or Alaska Native",0.02,0.0224719101123595,0.010155694125503,13647.5047645369,0.0104430123193607,2.15186092146018
"Washington","Asian",0.09,0.101123595505618,0.0854807859280583,116727.858423852,0.0878991518928931,1.15045018442088
"Washington","Black",0.03,0.0337078651685393,0.0317722196305679,43666.5597168657,0.032671098293739,1.03173345644762
"Washington","Hispanic",0.07,0.0786516853932584,0.0797226609211685,111444.384212522,0.0819781218145683,0.959422875912744
"Washington","Native Hawaiian or Other Pacific Islander",0.01,0.0112359550561798,0.00487791230692899,6806.61312466206,0.00501591498173423,2.24006090555685
"Washington","Other",,,0.0275129613057203,38360.1642662191,,
"Washington","White",0.67,0.752808988764045,0.760477765782053,1002879.26053334,0.781992700697705,0.962680326929367
"West Virginia","American Indian or Alaska Native",,,0.00167230819420522,371.515115749836,,
"West Virginia","Asian",,,0.00701600378319084,1469.52246222123,,
"West Virginia","Black",0.0232,0.0252365930599369,0.0302284665753458,5808.90010780445,0.0310009042630018,0.814059901151195
"West Virginia","Hispanic",,,0.00873979754881257,1676.98853805,,
"West Virginia","Native Hawaiian or Other Pacific Islander",,,3.3745682052712e-05,8.57112691285428,,
"West Virginia","Other",,,0.0074547627427129,1565.65954443096,,
"West Virginia","White",0.8961,0.974763406940063,0.94485491547368,178265.343895249,0.968999095736998,1.00594872712309
"Wisconsin","American Indian or Alaska Native",0.00947808338608818,0.00891427062790186,0.00596295955774037,4832.57776436931,0.00601864076470206,1.48111026665389
"Wisconsin","Asian",0.0221693123753206,0.0220844697233737,0.0216139733793431,16309.3124281424,0.0218158013664938,1.01231531000702
"Wisconsin","Black",0.0321295580196602,0.0317029074571853,0.0467494039132691,36580.3417342947,0.0471859427174358,0.671871867582095
"Wisconsin","Hispanic",0.031452,0.0337106109324759,0.0443753075519625,33188.131072542,0.0447896774063718,0.752642414157692
"Wisconsin","Native Hawaiian or Other Pacific Islander",,,0.000523049462757738,385.577822184511,,
"Wisconsin","Other",,,0.00872840931980462,6571.78884063344,,
"Wisconsin","White",0.936223046218931,0.903587741259063,0.872046896815123,737427.532254884,0.880189937744997,1.02658267552343
"Wyoming","American Indian or Alaska Native",,,0.0179554613872559,1341.10669101597,,
"Wyoming","Asian",,,0.00686475580194402,407.866047874659,,
"Wyoming","Black",,,0.00617902561109362,489.551385799464,,
"Wyoming","Hispanic",,,0.0695595745430384,5339.06206206206,,
"Wyoming","Native Hawaiian or Other Pacific Islander",,,0.00108112933356754,77.3898166222336,,
"Wyoming","Other",,,0.0117446277041357,846.754346993252,,
"Wyoming","White",,,0.886615425618965,64355.1295094922,,
