"race_grp","Date","nat_race","nat_race_agg","project","nat_pop_race","nat_pop_agg"
"American Indian or Alaska Native",2021-03-15,32.0002001079079,27.3380724138818,,1578661.68748209,247431811
"American Indian or Alaska Native",2021-03-29,42.1384595664561,36.5100747154794,,1578661.68748209,247431811
"American Indian or Alaska Native",2021-04-05,43.6726880552876,40.0281918104704,,1578661.68748209,247431811
"American Indian or Alaska Native",2021-04-12,47.6258166743761,46.2619943665181,,1578661.68748209,247431811
"American Indian or Alaska Native",2021-04-19,50.4689404528023,50.4678797375552,,1578661.68748209,247431811
"American Indian or Alaska Native",2021-04-26,51.576197329891,53.6282870328416,,1578661.68748209,247431811
"American Indian or Alaska Native",2021-05-03,53.6320551055219,55.9557162078144,,1578661.68748209,247431811
"American Indian or Alaska Native",2021-05-10,55.2894355840148,57.8153166780243,,1578661.68748209,247431811
"American Indian or Alaska Native",2021-05-17,54.8762328452223,59.3786718946541,,1578661.68748209,247431811
"American Indian or Alaska Native",2021-05-24,57.9643572926803,61.004351841713,,1578661.68748209,247431811
"Asian",2021-03-15,28.8828194935413,27.3380724138818,,14602368.7611932,247431811
"Asian",2021-03-29,40.7238615789926,36.5100747154794,,14602368.7611932,247431811
"Asian",2021-04-05,45.9900880013508,40.0281918104704,,14602368.7611932,247431811
"Asian",2021-04-12,55.306598956441,46.2619943665181,,14602368.7611932,247431811
"Asian",2021-04-19,63.3783779721835,50.4678797375552,,14602368.7611932,247431811
"Asian",2021-04-26,70.2846589249965,53.6282870328416,,14602368.7611932,247431811
"Asian",2021-05-03,74.533868673043,55.9557162078144,,14602368.7611932,247431811
"Asian",2021-05-10,77.5259263238117,57.8153166780243,,14602368.7611932,247431811
"Asian",2021-05-17,79.7175287433981,59.3786718946541,,14602368.7611932,247431811
"Asian",2021-05-24,81.7063222732884,61.004351841713,,14602368.7611932,247431811
"Black",2021-03-15,18.6790565835032,27.3380724138818,,29312025.5482743,247431811
"Black",2021-03-29,25.8139574861309,36.5100747154794,,29312025.5482743,247431811
"Black",2021-04-05,29.3419368674695,40.0281918104704,,29312025.5482743,247431811
"Black",2021-04-12,33.2530211244585,46.2619943665181,,29312025.5482743,247431811
"Black",2021-04-19,36.9011908735576,50.4678797375552,,29312025.5482743,247431811
"Black",2021-04-26,39.4487585484845,53.6282870328416,,29312025.5482743,247431811
"Black",2021-05-03,41.6023234853938,55.9557162078144,,29312025.5482743,247431811
"Black",2021-05-10,43.510094566699,57.8153166780243,,29312025.5482743,247431811
"Black",2021-05-17,45.0983395455528,59.3786718946541,,29312025.5482743,247431811
"Black",2021-05-24,46.8918167556346,61.004351841713,,29312025.5482743,247431811
"Hispanic",2021-03-15,18.0966904833289,27.3380724138818,,40780746,247431811
"Hispanic",2021-03-29,26.7718740316626,36.5100747154794,,40780746,247431811
"Hispanic",2021-04-05,30.8839644229722,40.0281918104704,,40780746,247431811
"Hispanic",2021-04-12,37.486683981892,46.2619943665181,,40780746,247431811
"Hispanic",2021-04-19,42.8870692724968,50.4678797375552,,40780746,247431811
"Hispanic",2021-04-26,44.8620781466224,53.6282870328416,,40780746,247431811
"Hispanic",2021-05-03,48.5339338224552,55.9557162078144,,40780746,247431811
"Hispanic",2021-05-10,51.6269134400926,57.8153166780243,,40780746,247431811
"Hispanic",2021-05-17,54.1233459231888,59.3786718946541,,40780746,247431811
"Hispanic",2021-05-24,56.7786373798482,61.004351841713,,40780746,247431811
"Native Hawaiian or Other Pacific Islander",2021-03-15,19.2264058718131,27.3380724138818,,392829.667334817,247431811
"Native Hawaiian or Other Pacific Islander",2021-03-29,48.5712490953055,36.5100747154794,,392829.667334817,247431811
"Native Hawaiian or Other Pacific Islander",2021-04-05,52.022466426109,40.0281918104704,,392829.667334817,247431811
"Native Hawaiian or Other Pacific Islander",2021-04-12,60.205019066415,46.2619943665181,,392829.667334817,247431811
"Native Hawaiian or Other Pacific Islander",2021-04-19,65.7476299606054,50.4678797375552,,392829.667334817,247431811
"Native Hawaiian or Other Pacific Islander",2021-04-26,74.5666369597321,53.6282870328416,,392829.667334817,247431811
"Native Hawaiian or Other Pacific Islander",2021-05-03,78.2136268797435,55.9557162078144,,392829.667334817,247431811
"Native Hawaiian or Other Pacific Islander",2021-05-10,80.1866588889949,57.8153166780243,,392829.667334817,247431811
"Native Hawaiian or Other Pacific Islander",2021-05-17,81.1234566736145,59.3786718946541,,392829.667334817,247431811
"Native Hawaiian or Other Pacific Islander",2021-05-24,81.9050141496353,61.004351841713,,392829.667334817,247431811
"Other",2021-03-15,27.6366073218823,27.3380724138818,,4529217.7110364,247431811
"Other",2021-03-29,36.9432994715081,36.5100747154794,,4529217.7110364,247431811
"Other",2021-04-05,40.4036786124393,40.0281918104704,,4529217.7110364,247431811
"Other",2021-04-12,46.6711809430159,46.2619943665181,,4529217.7110364,247431811
"Other",2021-04-19,50.9922952458778,50.4678797375552,,4529217.7110364,247431811
"Other",2021-04-26,54.56351529416,53.6282870328416,,4529217.7110364,247431811
"Other",2021-05-03,57.0408750308522,55.9557162078144,,4529217.7110364,247431811
"Other",2021-05-10,59.120144135566,57.8153166780243,,4529217.7110364,247431811
"Other",2021-05-17,60.7979524155362,59.3786718946541,,4529217.7110364,247431811
"Other",2021-05-24,62.5240183190218,61.004351841713,,4529217.7110364,247431811
"White",2021-03-15,31.1950668022374,27.3380724138818,,156235961.624679,247431811
"White",2021-03-29,40.5650899753708,36.5100747154794,,156235961.624679,247431811
"White",2021-04-05,43.7848211075229,40.0281918104704,,156235961.624679,247431811
"White",2021-04-12,50.08714997915,46.2619943665181,,156235961.624679,247431811
"White",2021-04-19,53.7316300899421,50.4678797375552,,156235961.624679,247431811
"White",2021-04-26,56.9609336726579,53.6282870328416,,156235961.624679,247431811
"White",2021-05-03,58.7855230286233,55.9557162078144,,156235961.624679,247431811
"White",2021-05-10,60.2036956358369,57.8153166780243,,156235961.624679,247431811
"White",2021-05-17,61.4783401780053,59.3786718946541,,156235961.624679,247431811
"White",2021-05-24,62.7542869420761,61.004351841713,,156235961.624679,247431811
"American Indian or Alaska Native",2021-06-07,60.3971164997839,63.0928528313341,,1578661.68748209,247431811
"Asian",2021-06-07,84.8125375798119,63.0928528313341,,14602368.7611932,247431811
"Black",2021-06-07,49.2893782807392,63.0928528313341,,29312025.5482743,247431811
"Hispanic",2021-06-07,60.8011643956565,63.0928528313341,,40780746,247431811
"Native Hawaiian or Other Pacific Islander",2021-06-07,83.296633654134,63.0928528313341,,392829.667334817,247431811
"Other",2021-06-07,64.7456059629186,63.0928528313341,,4529217.7110364,247431811
"White",2021-06-07,64.1792803558322,63.0928528313341,,156235961.624679,247431811
"American Indian or Alaska Native",2021-06-08,60.5816712792116,63.2432607056668,1,1578661.68748209,247431811
"Asian",2021-06-08,84.9974668468219,63.2432607056668,1,14602368.7611932,247431811
"Black",2021-06-08,49.4727471081304,63.2432607056668,1,29312025.5482743,247431811
"Hispanic",2021-06-08,61.0890826272772,63.2432607056668,1,40780746,247431811
"Native Hawaiian or Other Pacific Islander",2021-06-08,83.3913311213049,63.2432607056668,1,392829.667334817,247431811
"Other",2021-06-08,64.9066165919893,63.2432607056668,1,4529217.7110364,247431811
"White",2021-06-08,64.2838724962114,63.2432607056668,1,156235961.624679,247431811
"American Indian or Alaska Native",2021-06-09,60.7662260586394,63.3936685799995,1,1578661.68748209,247431811
"Asian",2021-06-09,85.1823961138319,63.3936685799995,1,14602368.7611932,247431811
"Black",2021-06-09,49.6561159355217,63.3936685799995,1,29312025.5482743,247431811
"Hispanic",2021-06-09,61.3770008588979,63.3936685799995,1,40780746,247431811
"Native Hawaiian or Other Pacific Islander",2021-06-09,83.4860285884758,63.3936685799995,1,392829.667334817,247431811
"Other",2021-06-09,65.06762722106,63.3936685799995,1,4529217.7110364,247431811
"White",2021-06-09,64.3884646365906,63.3936685799995,1,156235961.624679,247431811
"American Indian or Alaska Native",2021-06-10,60.9507808380671,63.5440460970172,1,1578661.68748209,247431811
"Asian",2021-06-10,85.3673253808418,63.5440460970172,1,14602368.7611932,247431811
"Black",2021-06-10,49.839484762913,63.5440460970172,1,29312025.5482743,247431811
"Hispanic",2021-06-10,61.6649190905186,63.5440460970172,1,40780746,247431811
"Native Hawaiian or Other Pacific Islander",2021-06-10,83.5616048791114,63.5440460970172,1,392829.667334817,247431811
"Other",2021-06-10,65.2286378501308,63.5440460970172,1,4529217.7110364,247431811
"White",2021-06-10,64.4930567769698,63.5440460970172,1,156235961.624679,247431811
"American Indian or Alaska Native",2021-06-11,61.1350567052824,63.694369951819,1,1578661.68748209,247431811
"Asian",2021-06-11,85.5522546478518,63.694369951819,1,14602368.7611932,247431811
"Black",2021-06-11,50.0228535903043,63.694369951819,1,29312025.5482743,247431811
"Hispanic",2021-06-11,61.9528373221393,63.694369951819,1,40780746,247431811
"Native Hawaiian or Other Pacific Islander",2021-06-11,83.6045017865113,63.694369951819,1,392829.667334817,247431811
"Other",2021-06-11,65.3896484792015,63.694369951819,1,4529217.7110364,247431811
"White",2021-06-11,64.597648917349,63.694369951819,1,156235961.624679,247431811
"American Indian or Alaska Native",2021-06-12,61.3187191756081,63.8446898930328,1,1578661.68748209,247431811
"Asian",2021-06-12,85.7371839148618,63.8446898930328,1,14602368.7611932,247431811
"Black",2021-06-12,50.2062224176956,63.8446898930328,1,29312025.5482743,247431811
"Hispanic",2021-06-12,62.24075555376,63.8446898930328,1,40780746,247431811
"Native Hawaiian or Other Pacific Islander",2021-06-12,83.6473986939113,63.8446898930328,1,392829.667334817,247431811
"Other",2021-06-12,65.5506591082722,63.8446898930328,1,4529217.7110364,247431811
"White",2021-06-12,64.7022410577282,63.8446898930328,1,156235961.624679,247431811
"American Indian or Alaska Native",2021-06-13,61.5023816459337,63.9950098342465,1,1578661.68748209,247431811
"Asian",2021-06-13,85.9221131818718,63.9950098342465,1,14602368.7611932,247431811
"Black",2021-06-13,50.3895912450869,63.9950098342465,1,29312025.5482743,247431811
"Hispanic",2021-06-13,62.5286737853807,63.9950098342465,1,40780746,247431811
"Native Hawaiian or Other Pacific Islander",2021-06-13,83.6902956013113,63.9950098342465,1,392829.667334817,247431811
"Other",2021-06-13,65.7116697373429,63.9950098342465,1,4529217.7110364,247431811
"White",2021-06-13,64.8068331981075,63.9950098342465,1,156235961.624679,247431811
"American Indian or Alaska Native",2021-06-14,61.6860441162594,64.1453297754603,1,1578661.68748209,247431811
"Asian",2021-06-14,86.1070424488818,64.1453297754603,1,14602368.7611932,247431811
"Black",2021-06-14,50.5729600724782,64.1453297754603,1,29312025.5482743,247431811
"Hispanic",2021-06-14,62.8165920170014,64.1453297754603,1,40780746,247431811
"Native Hawaiian or Other Pacific Islander",2021-06-14,83.7331925087112,64.1453297754603,1,392829.667334817,247431811
"Other",2021-06-14,65.8726803664136,64.1453297754603,1,4529217.7110364,247431811
"White",2021-06-14,64.9114253384867,64.1453297754603,1,156235961.624679,247431811
"American Indian or Alaska Native",2021-06-15,61.8697065865851,64.2956497166741,1,1578661.68748209,247431811
"Asian",2021-06-15,86.2919717158918,64.2956497166741,1,14602368.7611932,247431811
"Black",2021-06-15,50.7563288998695,64.2956497166741,1,29312025.5482743,247431811
"Hispanic",2021-06-15,63.1045102486221,64.2956497166741,1,40780746,247431811
"Native Hawaiian or Other Pacific Islander",2021-06-15,83.7760894161112,64.2956497166741,1,392829.667334817,247431811
"Other",2021-06-15,66.0336909954843,64.2956497166741,1,4529217.7110364,247431811
"White",2021-06-15,65.0160174788659,64.2956497166741,1,156235961.624679,247431811
"American Indian or Alaska Native",2021-06-16,62.0533690569108,64.4459696578879,1,1578661.68748209,247431811
"Asian",2021-06-16,86.4769009829018,64.4459696578879,1,14602368.7611932,247431811
"Black",2021-06-16,50.9396977272608,64.4459696578879,1,29312025.5482743,247431811
"Hispanic",2021-06-16,63.3924284802428,64.4459696578879,1,40780746,247431811
"Native Hawaiian or Other Pacific Islander",2021-06-16,83.8189863235111,64.4459696578879,1,392829.667334817,247431811
"Other",2021-06-16,66.1947016245551,64.4459696578879,1,4529217.7110364,247431811
"White",2021-06-16,65.1206096192451,64.4459696578879,1,156235961.624679,247431811
"American Indian or Alaska Native",2021-06-17,62.2370315272365,64.5962895991016,1,1578661.68748209,247431811
"Asian",2021-06-17,86.6618302499118,64.5962895991016,1,14602368.7611932,247431811
"Black",2021-06-17,51.1230665546521,64.5962895991016,1,29312025.5482743,247431811
"Hispanic",2021-06-17,63.6803467118635,64.5962895991016,1,40780746,247431811
"Native Hawaiian or Other Pacific Islander",2021-06-17,83.8618832309111,64.5962895991016,1,392829.667334817,247431811
"Other",2021-06-17,66.3557122536258,64.5962895991016,1,4529217.7110364,247431811
"White",2021-06-17,65.2252017596243,64.5962895991016,1,156235961.624679,247431811
"American Indian or Alaska Native",2021-06-18,62.4206939975621,64.7466095403154,1,1578661.68748209,247431811
"Asian",2021-06-18,86.8467595169218,64.7466095403154,1,14602368.7611932,247431811
"Black",2021-06-18,51.3064353820434,64.7466095403154,1,29312025.5482743,247431811
"Hispanic",2021-06-18,63.9682649434842,64.7466095403154,1,40780746,247431811
"Native Hawaiian or Other Pacific Islander",2021-06-18,83.9047801383111,64.7466095403154,1,392829.667334817,247431811
"Other",2021-06-18,66.5167228826965,64.7466095403154,1,4529217.7110364,247431811
"White",2021-06-18,65.3297939000035,64.7466095403154,1,156235961.624679,247431811
"American Indian or Alaska Native",2021-06-19,62.6043564678878,64.8968698439254,1,1578661.68748209,247431811
"Asian",2021-06-19,87.0316887839318,64.8968698439254,1,14602368.7611932,247431811
"Black",2021-06-19,51.4893007901032,64.8968698439254,1,29312025.5482743,247431811
"Hispanic",2021-06-19,64.2561831751049,64.8968698439254,1,40780746,247431811
"Native Hawaiian or Other Pacific Islander",2021-06-19,83.947677045711,64.8968698439254,1,392829.667334817,247431811
"Other",2021-06-19,66.6777335117672,64.8968698439254,1,4529217.7110364,247431811
"White",2021-06-19,65.4343860403827,64.8968698439254,1,156235961.624679,247431811
"American Indian or Alaska Native",2021-06-20,62.7880189382135,65.0470732405247,1,1578661.68748209,247431811
"Asian",2021-06-20,87.2166180509418,65.0470732405247,1,14602368.7611932,247431811
"Black",2021-06-20,51.6716858286061,65.0470732405247,1,29312025.5482743,247431811
"Hispanic",2021-06-20,64.5441014067256,65.0470732405247,1,40780746,247431811
"Native Hawaiian or Other Pacific Islander",2021-06-20,83.990573953111,65.0470732405247,1,392829.667334817,247431811
"Other",2021-06-20,66.8387441408379,65.0470732405247,1,4529217.7110364,247431811
"White",2021-06-20,65.538978180762,65.0470732405247,1,156235961.624679,247431811
"American Indian or Alaska Native",2021-06-21,62.9652771389891,65.1972357766746,1,1578661.68748209,247431811
"Asian",2021-06-21,87.4015473179518,65.1972357766746,1,14602368.7611932,247431811
"Black",2021-06-21,51.8540708671091,65.1972357766746,1,29312025.5482743,247431811
"Hispanic",2021-06-21,64.8320196383463,65.1972357766746,1,40780746,247431811
"Native Hawaiian or Other Pacific Islander",2021-06-21,84.0334708605109,65.1972357766746,1,392829.667334817,247431811
"Other",2021-06-21,66.9997547699086,65.1972357766746,1,4529217.7110364,247431811
"White",2021-06-21,65.6435703211412,65.1972357766746,1,156235961.624679,247431811
"American Indian or Alaska Native",2021-06-22,63.1271684827603,65.3473002693745,1,1578661.68748209,247431811
"Asian",2021-06-22,87.5864765849618,65.3473002693745,1,14602368.7611932,247431811
"Black",2021-06-22,52.0364559056121,65.3473002693745,1,29312025.5482743,247431811
"Hispanic",2021-06-22,65.119937869967,65.3473002693745,1,40780746,247431811
"Native Hawaiian or Other Pacific Islander",2021-06-22,84.0763677679109,65.3473002693745,1,392829.667334817,247431811
"Other",2021-06-22,67.1607653989793,65.3473002693745,1,4529217.7110364,247431811
"White",2021-06-22,65.7481624615204,65.3473002693745,1,156235961.624679,247431811
"American Indian or Alaska Native",2021-06-23,63.2890598265314,65.4973647620744,1,1578661.68748209,247431811
"Asian",2021-06-23,87.7714058519718,65.4973647620744,1,14602368.7611932,247431811
"Black",2021-06-23,52.218840944115,65.4973647620744,1,29312025.5482743,247431811
"Hispanic",2021-06-23,65.4078561015877,65.4973647620744,1,40780746,247431811
"Native Hawaiian or Other Pacific Islander",2021-06-23,84.1192646753108,65.4973647620744,1,392829.667334817,247431811
"Other",2021-06-23,67.32177602805,65.4973647620744,1,4529217.7110364,247431811
"White",2021-06-23,65.8527546018996,65.4973647620744,1,156235961.624679,247431811
"American Indian or Alaska Native",2021-06-24,63.4509511703025,65.647244720813,1,1578661.68748209,247431811
"Asian",2021-06-24,87.9532082583351,65.647244720813,1,14602368.7611932,247431811
"Black",2021-06-24,52.401225982618,65.647244720813,1,29312025.5482743,247431811
"Hispanic",2021-06-24,65.6957743332084,65.647244720813,1,40780746,247431811
"Native Hawaiian or Other Pacific Islander",2021-06-24,84.1621615827108,65.647244720813,1,392829.667334817,247431811
"Other",2021-06-24,67.4827866571208,65.647244720813,1,4529217.7110364,247431811
"White",2021-06-24,65.9573467422788,65.647244720813,1,156235961.624679,247431811
"American Indian or Alaska Native",2021-06-25,63.6128425140737,65.7969953630139,1,1578661.68748209,247431811
"Asian",2021-06-25,88.132819443148,65.7969953630139,1,14602368.7611932,247431811
"Black",2021-06-25,52.583611021121,65.7969953630139,1,29312025.5482743,247431811
"Hispanic",2021-06-25,65.9836925648291,65.7969953630139,1,40780746,247431811
"Native Hawaiian or Other Pacific Islander",2021-06-25,84.2050584901108,65.7969953630139,1,392829.667334817,247431811
"Other",2021-06-25,67.6437972861915,65.7969953630139,1,4529217.7110364,247431811
"White",2021-06-25,66.061938882658,65.7969953630139,1,156235961.624679,247431811
"American Indian or Alaska Native",2021-06-26,63.7747338578448,65.946524958184,1,1578661.68748209,247431811
"Asian",2021-06-26,88.3086850666736,65.946524958184,1,14602368.7611932,247431811
"Black",2021-06-26,52.7659960596239,65.946524958184,1,29312025.5482743,247431811
"Hispanic",2021-06-26,66.2716107964498,65.946524958184,1,40780746,247431811
"Native Hawaiian or Other Pacific Islander",2021-06-26,84.2479553975107,65.946524958184,1,392829.667334817,247431811
"Other",2021-06-26,67.8048079152622,65.946524958184,1,4529217.7110364,247431811
"White",2021-06-26,66.1665310230373,65.946524958184,1,156235961.624679,247431811
"American Indian or Alaska Native",2021-06-27,63.9167966947239,66.0956571138504,1,1578661.68748209,247431811
"Asian",2021-06-27,88.4799598821512,66.0956571138504,1,14602368.7611932,247431811
"Black",2021-06-27,52.9483810981269,66.0956571138504,1,29312025.5482743,247431811
"Hispanic",2021-06-27,66.5595290280705,66.0956571138504,1,40780746,247431811
"Native Hawaiian or Other Pacific Islander",2021-06-27,84.2908523049107,66.0956571138504,1,392829.667334817,247431811
"Other",2021-06-27,67.9658185443329,66.0956571138504,1,4529217.7110364,247431811
"White",2021-06-27,66.2711231634165,66.0956571138504,1,156235961.624679,247431811
"American Indian or Alaska Native",2021-06-28,64.0403889696355,66.2446099410479,1,1578661.68748209,247431811
"Asian",2021-06-28,88.6501928941014,66.2446099410479,1,14602368.7611932,247431811
"Black",2021-06-28,53.1307661366299,66.2446099410479,1,29312025.5482743,247431811
"Hispanic",2021-06-28,66.8474472596912,66.2446099410479,1,40780746,247431811
"Native Hawaiian or Other Pacific Islander",2021-06-28,84.3337492123106,66.2446099410479,1,392829.667334817,247431811
"Other",2021-06-28,68.1268291734036,66.2446099410479,1,4529217.7110364,247431811
"White",2021-06-28,66.3757153037957,66.2446099410479,1,156235961.624679,247431811
"American Indian or Alaska Native",2021-06-29,64.163981244547,66.3935627682455,1,1578661.68748209,247431811
"Asian",2021-06-29,88.8204259060515,66.3935627682455,1,14602368.7611932,247431811
"Black",2021-06-29,53.3131511751328,66.3935627682455,1,29312025.5482743,247431811
"Hispanic",2021-06-29,67.1353654913119,66.3935627682455,1,40780746,247431811
"Native Hawaiian or Other Pacific Islander",2021-06-29,84.3766461197106,66.3935627682455,1,392829.667334817,247431811
"Other",2021-06-29,68.2878398024743,66.3935627682455,1,4529217.7110364,247431811
"White",2021-06-29,66.4803074441749,66.3935627682455,1,156235961.624679,247431811
"American Indian or Alaska Native",2021-06-30,64.2875735194586,66.5424173001823,1,1578661.68748209,247431811
"Asian",2021-06-30,88.9899296645379,66.5424173001823,1,14602368.7611932,247431811
"Black",2021-06-30,53.4955362136358,66.5424173001823,1,29312025.5482743,247431811
"Hispanic",2021-06-30,67.4229484532844,66.5424173001823,1,40780746,247431811
"Native Hawaiian or Other Pacific Islander",2021-06-30,84.4195430271105,66.5424173001823,1,392829.667334817,247431811
"Other",2021-06-30,68.4488504315451,66.5424173001823,1,4529217.7110364,247431811
"White",2021-06-30,66.5848995845541,66.5424173001823,1,156235961.624679,247431811
"American Indian or Alaska Native",2021-07-01,64.4111657943701,66.6911331783267,1,1578661.68748209,247431811
"Asian",2021-07-01,89.1576349156488,66.6911331783267,1,14602368.7611932,247431811
"Black",2021-07-01,53.6779212521388,66.6911331783267,1,29312025.5482743,247431811
"Hispanic",2021-07-01,67.7103341434597,66.6911331783267,1,40780746,247431811
"Native Hawaiian or Other Pacific Islander",2021-07-01,84.4624399345105,66.6911331783267,1,392829.667334817,247431811
"Other",2021-07-01,68.6098610606158,66.6911331783267,1,4529217.7110364,247431811
"White",2021-07-01,66.6894917249333,66.6911331783267,1,156235961.624679,247431811
"American Indian or Alaska Native",2021-07-02,64.5347580692817,66.8398490564711,1,1578661.68748209,247431811
"Asian",2021-07-02,89.3253401667596,66.8398490564711,1,14602368.7611932,247431811
"Black",2021-07-02,53.8603062906417,66.8398490564711,1,29312025.5482743,247431811
"Hispanic",2021-07-02,67.997719833635,66.8398490564711,1,40780746,247431811
"Native Hawaiian or Other Pacific Islander",2021-07-02,84.5053368419105,66.8398490564711,1,392829.667334817,247431811
"Other",2021-07-02,68.7708716896865,66.8398490564711,1,4529217.7110364,247431811
"White",2021-07-02,66.7940838653126,66.8398490564711,1,156235961.624679,247431811
"American Indian or Alaska Native",2021-07-03,64.6582988948093,66.9885646063587,1,1578661.68748209,247431811
"Asian",2021-07-03,89.4930454178704,66.9885646063587,1,14602368.7611932,247431811
"Black",2021-07-03,54.0426913291447,66.9885646063587,1,29312025.5482743,247431811
"Hispanic",2021-07-03,68.2851055238103,66.9885646063587,1,40780746,247431811
"Native Hawaiian or Other Pacific Islander",2021-07-03,84.5482337493104,66.9885646063587,1,392829.667334817,247431811
"Other",2021-07-03,68.9318823187572,66.9885646063587,1,4529217.7110364,247431811
"White",2021-07-03,66.8986760056918,66.9885646063587,1,156235961.624679,247431811
"American Indian or Alaska Native",2021-07-04,64.7766787737674,67.1370064551553,1,1578661.68748209,247431811
"Asian",2021-07-04,89.6566708536455,67.1370064551553,1,14602368.7611932,247431811
"Black",2021-07-04,54.2250763676477,67.1370064551553,1,29312025.5482743,247431811
"Hispanic",2021-07-04,68.5724912139856,67.1370064551553,1,40780746,247431811
"Native Hawaiian or Other Pacific Islander",2021-07-04,84.5911306567104,67.1370064551553,1,392829.667334817,247431811
"Other",2021-07-04,69.0928929478279,67.1370064551553,1,4529217.7110364,247431811
"White",2021-07-04,67.003268146071,67.1370064551553,1,156235961.624679,247431811
"American Indian or Alaska Native",2021-07-05,64.8950586527255,67.2854464702581,1,1578661.68748209,247431811
"Asian",2021-07-05,89.8202652181487,67.2854464702581,1,14602368.7611932,247431811
"Black",2021-07-05,54.4074614061506,67.2854464702581,1,29312025.5482743,247431811
"Hispanic",2021-07-05,68.8598769041609,67.2854464702581,1,40780746,247431811
"Native Hawaiian or Other Pacific Islander",2021-07-05,84.6340275641104,67.2854464702581,1,392829.667334817,247431811
"Other",2021-07-05,69.2539035768986,67.2854464702581,1,4529217.7110364,247431811
"White",2021-07-05,67.1078602864502,67.2854464702581,1,156235961.624679,247431811
"American Indian or Alaska Native",2021-07-06,65.0134385316835,67.4337729559802,1,1578661.68748209,247431811
"Asian",2021-07-06,89.9819358687176,67.4337729559802,1,14602368.7611932,247431811
"Black",2021-07-06,54.5898464446536,67.4337729559802,1,29312025.5482743,247431811
"Hispanic",2021-07-06,69.1472625943363,67.4337729559802,1,40780746,247431811
"Native Hawaiian or Other Pacific Islander",2021-07-06,84.6769244715103,67.4337729559802,1,392829.667334817,247431811
"Other",2021-07-06,69.4149142059693,67.4337729559802,1,4529217.7110364,247431811
"White",2021-07-06,67.2124524268294,67.4337729559802,1,156235961.624679,247431811
"American Indian or Alaska Native",2021-07-07,65.1318184106416,67.5820321836098,1,1578661.68748209,247431811
"Asian",2021-07-07,90.1424668554478,67.5820321836098,1,14602368.7611932,247431811
"Black",2021-07-07,54.7722314831566,67.5820321836098,1,29312025.5482743,247431811
"Hispanic",2021-07-07,69.4346482845116,67.5820321836098,1,40780746,247431811
"Native Hawaiian or Other Pacific Islander",2021-07-07,84.7198213789103,67.5820321836098,1,392829.667334817,247431811
"Other",2021-07-07,69.57592483504,67.5820321836098,1,4529217.7110364,247431811
"White",2021-07-07,67.3170445672086,67.5820321836098,1,156235961.624679,247431811
"American Indian or Alaska Native",2021-07-08,65.2501982895997,67.7302914112394,1,1578661.68748209,247431811
"Asian",2021-07-08,90.3029978421779,67.7302914112394,1,14602368.7611932,247431811
"Black",2021-07-08,54.9546165216595,67.7302914112394,1,29312025.5482743,247431811
"Hispanic",2021-07-08,69.7220339746869,67.7302914112394,1,40780746,247431811
"Native Hawaiian or Other Pacific Islander",2021-07-08,84.7627182863102,67.7302914112394,1,392829.667334817,247431811
"Other",2021-07-08,69.7369354641108,67.7302914112394,1,4529217.7110364,247431811
"White",2021-07-08,67.4216367075879,67.7302914112394,1,156235961.624679,247431811
"American Indian or Alaska Native",2021-07-09,65.3685781685578,67.878550638869,1,1578661.68748209,247431811
"Asian",2021-07-09,90.4635288289081,67.878550638869,1,14602368.7611932,247431811
"Black",2021-07-09,55.1370015601625,67.878550638869,1,29312025.5482743,247431811
"Hispanic",2021-07-09,70.0094196648622,67.878550638869,1,40780746,247431811
"Native Hawaiian or Other Pacific Islander",2021-07-09,84.8056151937102,67.878550638869,1,392829.667334817,247431811
"Other",2021-07-09,69.8979460931815,67.878550638869,1,4529217.7110364,247431811
"White",2021-07-09,67.5262288479671,67.878550638869,1,156235961.624679,247431811
"American Indian or Alaska Native",2021-07-10,65.4869580475159,68.0266365889009,1,1578661.68748209,247431811
"Asian",2021-07-10,90.6211236899648,68.0266365889009,1,14602368.7611932,247431811
"Black",2021-07-10,55.3193865986655,68.0266365889009,1,29312025.5482743,247431811
"Hispanic",2021-07-10,70.2968053550375,68.0266365889009,1,40780746,247431811
"Native Hawaiian or Other Pacific Islander",2021-07-10,84.8485121011101,68.0266365889009,1,392829.667334817,247431811
"Other",2021-07-10,70.0589567222522,68.0266365889009,1,4529217.7110364,247431811
"White",2021-07-10,67.6308209883463,68.0266365889009,1,156235961.624679,247431811
"American Indian or Alaska Native",2021-07-11,65.6053379264739,68.174699085414,1,1578661.68748209,247431811
"Asian",2021-07-11,90.7783211397036,68.174699085414,1,14602368.7611932,247431811
"Black",2021-07-11,55.5017716371684,68.174699085414,1,29312025.5482743,247431811
"Hispanic",2021-07-11,70.5841910452128,68.174699085414,1,40780746,247431811
"Native Hawaiian or Other Pacific Islander",2021-07-11,84.8914090085101,68.174699085414,1,392829.667334817,247431811
"Other",2021-07-11,70.2199673513229,68.174699085414,1,4529217.7110364,247431811
"White",2021-07-11,67.7354131287255,68.174699085414,1,156235961.624679,247431811
"American Indian or Alaska Native",2021-07-12,65.723717805432,68.3227149797135,1,1578661.68748209,247431811
"Asian",2021-07-12,90.9347289319342,68.3227149797135,1,14602368.7611932,247431811
"Black",2021-07-12,55.6841566756714,68.3227149797135,1,29312025.5482743,247431811
"Hispanic",2021-07-12,70.8715767353881,68.3227149797135,1,40780746,247431811
"Native Hawaiian or Other Pacific Islander",2021-07-12,84.9343059159101,68.3227149797135,1,392829.667334817,247431811
"Other",2021-07-12,70.3809779803936,68.3227149797135,1,4529217.7110364,247431811
"White",2021-07-12,67.8400052691047,68.3227149797135,1,156235961.624679,247431811
"American Indian or Alaska Native",2021-07-13,65.8341666492741,68.4706767694909,1,1578661.68748209,247431811
"Asian",2021-07-13,91.0910773667688,68.4706767694909,1,14602368.7611932,247431811
"Black",2021-07-13,55.8665417141743,68.4706767694909,1,29312025.5482743,247431811
"Hispanic",2021-07-13,71.1589624255634,68.4706767694909,1,40780746,247431811
"Native Hawaiian or Other Pacific Islander",2021-07-13,84.97720282331,68.4706767694909,1,392829.667334817,247431811
"Other",2021-07-13,70.5419886094643,68.4706767694909,1,4529217.7110364,247431811
"White",2021-07-13,67.9445974094839,68.4706767694909,1,156235961.624679,247431811
"American Indian or Alaska Native",2021-07-14,65.9373657963704,68.6185364751809,1,1578661.68748209,247431811
"Asian",2021-07-14,91.2464797885039,68.6185364751809,1,14602368.7611932,247431811
"Black",2021-07-14,56.0489267526773,68.6185364751809,1,29312025.5482743,247431811
"Hispanic",2021-07-14,71.4463481157388,68.6185364751809,1,40780746,247431811
"Native Hawaiian or Other Pacific Islander",2021-07-14,85.02009973071,68.6185364751809,1,392829.667334817,247431811
"Other",2021-07-14,70.702999238535,68.6185364751809,1,4529217.7110364,247431811
"White",2021-07-14,68.0491895498631,68.6185364751809,1,156235961.624679,247431811
"American Indian or Alaska Native",2021-07-15,66.0405649434667,68.7640007514555,1,1578661.68748209,247431811
"Asian",2021-07-15,91.3612925327655,68.7640007514555,1,14602368.7611932,247431811
"Black",2021-07-15,56.2313117911803,68.7640007514555,1,29312025.5482743,247431811
"Hispanic",2021-07-15,71.7337338059141,68.7640007514555,1,40780746,247431811
"Native Hawaiian or Other Pacific Islander",2021-07-15,85.0629966381099,68.7640007514555,1,392829.667334817,247431811
"Other",2021-07-15,70.8640098676058,68.7640007514555,1,4529217.7110364,247431811
"White",2021-07-15,68.1537816902424,68.7640007514555,1,156235961.624679,247431811
"American Indian or Alaska Native",2021-07-16,66.1434195155439,68.9066694251521,1,1578661.68748209,247431811
"Asian",2021-07-16,91.4453873948145,68.9066694251521,1,14602368.7611932,247431811
"Black",2021-07-16,56.4136968296832,68.9066694251521,1,29312025.5482743,247431811
"Hispanic",2021-07-16,72.0151700414693,68.9066694251521,1,40780746,247431811
"Native Hawaiian or Other Pacific Islander",2021-07-16,85.1058935455099,68.9066694251521,1,392829.667334817,247431811
"Other",2021-07-16,71.0250204966765,68.9066694251521,1,4529217.7110364,247431811
"White",2021-07-16,68.2583738306216,68.9066694251521,1,156235961.624679,247431811
"American Indian or Alaska Native",2021-07-17,66.2451980746845,69.0491710848524,1,1578661.68748209,247431811
"Asian",2021-07-17,91.5294822568635,69.0491710848524,1,14602368.7611932,247431811
"Black",2021-07-17,56.5960818681862,69.0491710848524,1,29312025.5482743,247431811
"Hispanic",2021-07-17,72.2956345950648,69.0491710848524,1,40780746,247431811
"Native Hawaiian or Other Pacific Islander",2021-07-17,85.1487904529099,69.0491710848524,1,392829.667334817,247431811
"Other",2021-07-17,71.1860311257472,69.0491710848524,1,4529217.7110364,247431811
"White",2021-07-17,68.3629659710008,69.0491710848524,1,156235961.624679,247431811
"American Indian or Alaska Native",2021-07-18,66.3469766338251,69.1916412400978,1,1578661.68748209,247431811
"Asian",2021-07-18,91.6130432874212,69.1916412400978,1,14602368.7611932,247431811
"Black",2021-07-18,56.7784669066892,69.1916412400978,1,29312025.5482743,247431811
"Hispanic",2021-07-18,72.5760991486602,69.1916412400978,1,40780746,247431811
"Native Hawaiian or Other Pacific Islander",2021-07-18,85.1916873603098,69.1916412400978,1,392829.667334817,247431811
"Other",2021-07-18,71.3470417548179,69.1916412400978,1,4529217.7110364,247431811
"White",2021-07-18,68.46755811138,69.1916412400978,1,156235961.624679,247431811
"American Indian or Alaska Native",2021-07-19,66.4487551929657,69.3339309219744,1,1578661.68748209,247431811
"Asian",2021-07-19,91.6935462625874,69.3339309219744,1,14602368.7611932,247431811
"Black",2021-07-19,56.9608519451921,69.3339309219744,1,29312025.5482743,247431811
"Hispanic",2021-07-19,72.8565637022557,69.3339309219744,1,40780746,247431811
"Native Hawaiian or Other Pacific Islander",2021-07-19,85.2345842677097,69.3339309219744,1,392829.667334817,247431811
"Other",2021-07-19,71.5080523838886,69.3339309219744,1,4529217.7110364,247431811
"White",2021-07-19,68.5721502517592,69.3339309219744,1,156235961.624679,247431811
"American Indian or Alaska Native",2021-07-20,66.5505337521064,69.4755578491771,1,1578661.68748209,247431811
"Asian",2021-07-20,91.7628191016124,69.4755578491771,1,14602368.7611932,247431811
"Black",2021-07-20,57.1432369836951,69.4755578491771,1,29312025.5482743,247431811
"Hispanic",2021-07-20,73.1370282558511,69.4755578491771,1,40780746,247431811
"Native Hawaiian or Other Pacific Islander",2021-07-20,85.2774811751097,69.4755578491771,1,392829.667334817,247431811
"Other",2021-07-20,71.6690630129593,69.4755578491771,1,4529217.7110364,247431811
"White",2021-07-20,68.6767423921384,69.4755578491771,1,156235961.624679,247431811
"American Indian or Alaska Native",2021-07-21,66.652312311247,69.6171833279954,1,1578661.68748209,247431811
"Asian",2021-07-21,91.8320919406374,69.6171833279954,1,14602368.7611932,247431811
"Black",2021-07-21,57.3256097959397,69.6171833279954,1,29312025.5482743,247431811
"Hispanic",2021-07-21,73.4174928094465,69.6171833279954,1,40780746,247431811
"Native Hawaiian or Other Pacific Islander",2021-07-21,85.3203780825097,69.6171833279954,1,392829.667334817,247431811
"Other",2021-07-21,71.83007364203,69.6171833279954,1,4529217.7110364,247431811
"White",2021-07-21,68.7813345325177,69.6171833279954,1,156235961.624679,247431811
"American Indian or Alaska Native",2021-07-22,66.7540908703876,69.7587970680835,1,1578661.68748209,247431811
"Asian",2021-07-22,91.9013647796624,69.7587970680835,1,14602368.7611932,247431811
"Black",2021-07-22,57.5078835179572,69.7587970680835,1,29312025.5482743,247431811
"Hispanic",2021-07-22,73.697957363042,69.7587970680835,1,40780746,247431811
"Native Hawaiian or Other Pacific Islander",2021-07-22,85.3632749899096,69.7587970680835,1,392829.667334817,247431811
"Other",2021-07-22,71.9910842711008,69.7587970680835,1,4529217.7110364,247431811
"White",2021-07-22,68.8859266728969,69.7587970680835,1,156235961.624679,247431811
"American Indian or Alaska Native",2021-07-23,66.8558694295282,69.9003312634494,1,1578661.68748209,247431811
"Asian",2021-07-23,91.9692897623913,69.9003312634494,1,14602368.7611932,247431811
"Black",2021-07-23,57.6901572399746,69.9003312634494,1,29312025.5482743,247431811
"Hispanic",2021-07-23,73.9784219166374,69.9003312634494,1,40780746,247431811
"Native Hawaiian or Other Pacific Islander",2021-07-23,85.4061718973096,69.9003312634494,1,392829.667334817,247431811
"Other",2021-07-23,72.1520949001715,69.9003312634494,1,4529217.7110364,247431811
"White",2021-07-23,68.9905188132761,69.9003312634494,1,156235961.624679,247431811
"American Indian or Alaska Native",2021-07-24,66.9576479886689,70.0417536084429,1,1578661.68748209,247431811
"Asian",2021-07-24,92.035319481369,70.0417536084429,1,14602368.7611932,247431811
"Black",2021-07-24,57.8724309619921,70.0417536084429,1,29312025.5482743,247431811
"Hispanic",2021-07-24,74.2588864702329,70.0417536084429,1,40780746,247431811
"Native Hawaiian or Other Pacific Islander",2021-07-24,85.4490688047096,70.0417536084429,1,392829.667334817,247431811
"Other",2021-07-24,72.3131055292422,70.0417536084429,1,4529217.7110364,247431811
"White",2021-07-24,69.0951109536553,70.0417536084429,1,156235961.624679,247431811
"American Indian or Alaska Native",2021-07-25,67.0594265478095,70.1831201090879,1,1578661.68748209,247431811
"Asian",2021-07-25,92.1004029382361,70.1831201090879,1,14602368.7611932,247431811
"Black",2021-07-25,58.0547046840096,70.1831201090879,1,29312025.5482743,247431811
"Hispanic",2021-07-25,74.5393510238283,70.1831201090879,1,40780746,247431811
"Native Hawaiian or Other Pacific Islander",2021-07-25,85.4919657121095,70.1831201090879,1,392829.667334817,247431811
"Other",2021-07-25,72.4741161583129,70.1831201090879,1,4529217.7110364,247431811
"White",2021-07-25,69.1997030940345,70.1831201090879,1,156235961.624679,247431811
"American Indian or Alaska Native",2021-07-26,67.1612051069501,70.3240825705104,1,1578661.68748209,247431811
"Asian",2021-07-26,92.15864009789,70.3240825705104,1,14602368.7611932,247431811
"Black",2021-07-26,58.236978406027,70.3240825705104,1,29312025.5482743,247431811
"Hispanic",2021-07-26,74.8198155774238,70.3240825705104,1,40780746,247431811
"Native Hawaiian or Other Pacific Islander",2021-07-26,85.5348626195095,70.3240825705104,1,392829.667334817,247431811
"Other",2021-07-26,72.6351267873836,70.3240825705104,1,4529217.7110364,247431811
"White",2021-07-26,69.3042952344137,70.3240825705104,1,156235961.624679,247431811
"American Indian or Alaska Native",2021-07-27,67.2629836660907,70.4649716086038,1,1578661.68748209,247431811
"Asian",2021-07-27,92.2156331260221,70.4649716086038,1,14602368.7611932,247431811
"Black",2021-07-27,58.4192521280445,70.4649716086038,1,29312025.5482743,247431811
"Hispanic",2021-07-27,75.1002801310192,70.4649716086038,1,40780746,247431811
"Native Hawaiian or Other Pacific Islander",2021-07-27,85.5777595269094,70.4649716086038,1,392829.667334817,247431811
"Other",2021-07-27,72.7961374164543,70.4649716086038,1,4529217.7110364,247431811
"White",2021-07-27,69.408887374793,70.4649716086038,1,156235961.624679,247431811
"American Indian or Alaska Native",2021-07-28,67.3647622252314,70.6058606466972,1,1578661.68748209,247431811
"Asian",2021-07-28,92.2726261541543,70.6058606466972,1,14602368.7611932,247431811
"Black",2021-07-28,58.601525850062,70.6058606466972,1,29312025.5482743,247431811
"Hispanic",2021-07-28,75.3807446846147,70.6058606466972,1,40780746,247431811
"Native Hawaiian or Other Pacific Islander",2021-07-28,85.6206564343094,70.6058606466972,1,392829.667334817,247431811
"Other",2021-07-28,72.957148045525,70.6058606466972,1,4529217.7110364,247431811
"White",2021-07-28,69.5134795151722,70.6058606466972,1,156235961.624679,247431811
"American Indian or Alaska Native",2021-07-29,67.466540784372,70.7467496847907,1,1578661.68748209,247431811
"Asian",2021-07-29,92.3296191822864,70.7467496847907,1,14602368.7611932,247431811
"Black",2021-07-29,58.7837995720795,70.7467496847907,1,29312025.5482743,247431811
"Hispanic",2021-07-29,75.6612092382101,70.7467496847907,1,40780746,247431811
"Native Hawaiian or Other Pacific Islander",2021-07-29,85.6635533417094,70.7467496847907,1,392829.667334817,247431811
"Other",2021-07-29,73.1181586745958,70.7467496847907,1,4529217.7110364,247431811
"White",2021-07-29,69.6180716555514,70.7467496847907,1,156235961.624679,247431811
"American Indian or Alaska Native",2021-07-30,67.5683193435126,70.8876387228841,1,1578661.68748209,247431811
"Asian",2021-07-30,92.3866122104185,70.8876387228841,1,14602368.7611932,247431811
"Black",2021-07-30,58.9660732940969,70.8876387228841,1,29312025.5482743,247431811
"Hispanic",2021-07-30,75.9416737918056,70.8876387228841,1,40780746,247431811
"Native Hawaiian or Other Pacific Islander",2021-07-30,85.7064502491093,70.8876387228841,1,392829.667334817,247431811
"Other",2021-07-30,73.2791693036665,70.8876387228841,1,4529217.7110364,247431811
"White",2021-07-30,69.7226637959306,70.8876387228841,1,156235961.624679,247431811
"American Indian or Alaska Native",2021-07-31,67.6700979026532,71.0285277609775,1,1578661.68748209,247431811
"Asian",2021-07-31,92.4436052385507,71.0285277609775,1,14602368.7611932,247431811
"Black",2021-07-31,59.1483470161144,71.0285277609775,1,29312025.5482743,247431811
"Hispanic",2021-07-31,76.222138345401,71.0285277609775,1,40780746,247431811
"Native Hawaiian or Other Pacific Islander",2021-07-31,85.7493471565093,71.0285277609775,1,392829.667334817,247431811
"Other",2021-07-31,73.4401799327372,71.0285277609775,1,4529217.7110364,247431811
"White",2021-07-31,69.8272559363098,71.0285277609775,1,156235961.624679,247431811
"American Indian or Alaska Native",2021-08-01,67.7718764617939,71.1694167990709,1,1578661.68748209,247431811
"Asian",2021-08-01,92.5005982666828,71.1694167990709,1,14602368.7611932,247431811
"Black",2021-08-01,59.3306207381319,71.1694167990709,1,29312025.5482743,247431811
"Hispanic",2021-08-01,76.5026028989965,71.1694167990709,1,40780746,247431811
"Native Hawaiian or Other Pacific Islander",2021-08-01,85.7922440639092,71.1694167990709,1,392829.667334817,247431811
"Other",2021-08-01,73.6011905618079,71.1694167990709,1,4529217.7110364,247431811
"White",2021-08-01,69.931848076689,71.1694167990709,1,156235961.624679,247431811
"American Indian or Alaska Native",2021-08-02,67.8736550209345,71.3102705863261,1,1578661.68748209,247431811
"Asian",2021-08-02,92.5575912948149,71.3102705863261,1,14602368.7611932,247431811
"Black",2021-08-02,59.5128944601493,71.3102705863261,1,29312025.5482743,247431811
"Hispanic",2021-08-02,76.7828535727687,71.3102705863261,1,40780746,247431811
"Native Hawaiian or Other Pacific Islander",2021-08-02,85.8351409713092,71.3102705863261,1,392829.667334817,247431811
"Other",2021-08-02,73.7622011908786,71.3102705863261,1,4529217.7110364,247431811
"White",2021-08-02,70.0364402170682,71.3102705863261,1,156235961.624679,247431811
"American Indian or Alaska Native",2021-08-03,67.973013411568,71.4510310266213,1,1578661.68748209,247431811
"Asian",2021-08-03,92.6145843229471,71.4510310266213,1,14602368.7611932,247431811
"Black",2021-08-03,59.6951681821668,71.4510310266213,1,29312025.5482743,247431811
"Hispanic",2021-08-03,77.0626315631805,71.4510310266213,1,40780746,247431811
"Native Hawaiian or Other Pacific Islander",2021-08-03,85.8780378787092,71.4510310266213,1,392829.667334817,247431811
"Other",2021-08-03,73.9232118199493,71.4510310266213,1,4529217.7110364,247431811
"White",2021-08-03,70.1410323574475,71.4510310266213,1,156235961.624679,247431811
"American Indian or Alaska Native",2021-08-04,68.066536637955,71.5915363897901,1,1578661.68748209,247431811
"Asian",2021-08-04,92.6715773510792,71.5915363897901,1,14602368.7611932,247431811
"Black",2021-08-04,59.8774419041843,71.5915363897901,1,29312025.5482743,247431811
"Hispanic",2021-08-04,77.3410877914771,71.5915363897901,1,40780746,247431811
"Native Hawaiian or Other Pacific Islander",2021-08-04,85.9209347861091,71.5915363897901,1,392829.667334817,247431811
"Other",2021-08-04,74.0842224490201,71.5915363897901,1,4529217.7110364,247431811
"White",2021-08-04,70.2456244978267,71.5915363897901,1,156235961.624679,247431811
"American Indian or Alaska Native",2021-08-05,68.160059864342,71.7320102709384,1,1578661.68748209,247431811
"Asian",2021-08-05,92.7285703792113,71.7320102709384,1,14602368.7611932,247431811
"Black",2021-08-05,60.0597156262018,71.7320102709384,1,29312025.5482743,247431811
"Hispanic",2021-08-05,77.6193530067559,71.7320102709384,1,40780746,247431811
"Native Hawaiian or Other Pacific Islander",2021-08-05,85.9638316935091,71.7320102709384,1,392829.667334817,247431811
"Other",2021-08-05,74.2452330780908,71.7320102709384,1,4529217.7110364,247431811
"White",2021-08-05,70.3502166382059,71.7320102709384,1,156235961.624679,247431811
"American Indian or Alaska Native",2021-08-06,68.253583090729,71.8724841520867,1,1578661.68748209,247431811
"Asian",2021-08-06,92.7855634073435,71.8724841520867,1,14602368.7611932,247431811
"Black",2021-08-06,60.2419893482192,71.8724841520867,1,29312025.5482743,247431811
"Hispanic",2021-08-06,77.8976182220348,71.8724841520867,1,40780746,247431811
"Native Hawaiian or Other Pacific Islander",2021-08-06,86.006728600909,71.8724841520867,1,392829.667334817,247431811
"Other",2021-08-06,74.4062437071615,71.8724841520867,1,4529217.7110364,247431811
"White",2021-08-06,70.4548087785851,71.8724841520867,1,156235961.624679,247431811
"American Indian or Alaska Native",2021-08-07,68.3469149401924,72.0126947998049,1,1578661.68748209,247431811
"Asian",2021-08-07,92.8408342594964,72.0126947998049,1,14602368.7611932,247431811
"Black",2021-08-07,60.4242630702367,72.0126947998049,1,29312025.5482743,247431811
"Hispanic",2021-08-07,78.175548855762,72.0126947998049,1,40780746,247431811
"Native Hawaiian or Other Pacific Islander",2021-08-07,86.049625508309,72.0126947998049,1,392829.667334817,247431811
"Other",2021-08-07,74.5615054690866,72.0126947998049,1,4529217.7110364,247431811
"White",2021-08-07,70.5594009189643,72.0126947998049,1,156235961.624679,247431811
"American Indian or Alaska Native",2021-08-08,68.4401826344907,72.1527965827525,1,1578661.68748209,247431811
"Asian",2021-08-08,92.8951783690726,72.1527965827525,1,14602368.7611932,247431811
"Black",2021-08-08,60.6065367922542,72.1527965827525,1,29312025.5482743,247431811
"Hispanic",2021-08-08,78.453367327927,72.1527965827525,1,40780746,247431811
"Native Hawaiian or Other Pacific Islander",2021-08-08,86.0925224157089,72.1527965827525,1,392829.667334817,247431811
"Other",2021-08-08,74.714840041909,72.1527965827525,1,4529217.7110364,247431811
"White",2021-08-08,70.6639930593435,72.1527965827525,1,156235961.624679,247431811
"American Indian or Alaska Native",2021-08-09,68.5334503287889,72.2926839313953,1,1578661.68748209,247431811
"Asian",2021-08-09,92.9492129670024,72.2926839313953,1,14602368.7611932,247431811
"Black",2021-08-09,60.7888105142716,72.2926839313953,1,29312025.5482743,247431811
"Hispanic",2021-08-09,78.729995575048,72.2926839313953,1,40780746,247431811
"Native Hawaiian or Other Pacific Islander",2021-08-09,86.1354193231089,72.2926839313953,1,392829.667334817,247431811
"Other",2021-08-09,74.8681746147314,72.2926839313953,1,4529217.7110364,247431811
"White",2021-08-09,70.7685851997228,72.2926839313953,1,156235961.624679,247431811
"American Indian or Alaska Native",2021-08-10,68.6267180230871,72.4314705838979,1,1578661.68748209,247431811
"Asian",2021-08-10,93.0000944463114,72.4314705838979,1,14602368.7611932,247431811
"Black",2021-08-10,60.9710842362891,72.4314705838979,1,29312025.5482743,247431811
"Hispanic",2021-08-10,79.0010745308821,72.4314705838979,1,40780746,247431811
"Native Hawaiian or Other Pacific Islander",2021-08-10,86.1783162305088,72.4314705838979,1,392829.667334817,247431811
"Other",2021-08-10,75.0215091875539,72.4314705838979,1,4529217.7110364,247431811
"White",2021-08-10,70.873177340102,72.4314705838979,1,156235961.624679,247431811
"American Indian or Alaska Native",2021-08-11,68.7199857173854,72.5699542361854,1,1578661.68748209,247431811
"Asian",2021-08-11,93.0507299469367,72.5699542361854,1,14602368.7611932,247431811
"Black",2021-08-11,61.1533579583066,72.5699542361854,1,29312025.5482743,247431811
"Hispanic",2021-08-11,79.270403150405,72.5699542361854,1,40780746,247431811
"Native Hawaiian or Other Pacific Islander",2021-08-11,86.2212131379088,72.5699542361854,1,392829.667334817,247431811
"Other",2021-08-11,75.1748437603763,72.5699542361854,1,4529217.7110364,247431811
"White",2021-08-11,70.9777694804812,72.5699542361854,1,156235961.624679,247431811
"American Indian or Alaska Native",2021-08-12,68.8132534116836,72.7068964016248,1,1578661.68748209,247431811
"Asian",2021-08-12,93.1012545175538,72.7068964016248,1,14602368.7611932,247431811
"Black",2021-08-12,61.335631680324,72.7068964016248,1,29312025.5482743,247431811
"Hispanic",2021-08-12,79.5304187220113,72.7068964016248,1,40780746,247431811
"Native Hawaiian or Other Pacific Islander",2021-08-12,86.2641100453088,72.7068964016248,1,392829.667334817,247431811
"Other",2021-08-12,75.3281783331987,72.7068964016248,1,4529217.7110364,247431811
"White",2021-08-12,71.0823616208604,72.7068964016248,1,156235961.624679,247431811
"American Indian or Alaska Native",2021-08-13,68.9065211059819,72.8429711759254,1,1578661.68748209,247431811
"Asian",2021-08-13,93.1517790881709,72.8429711759254,1,14602368.7611932,247431811
"Black",2021-08-13,61.5179054023415,72.8429711759254,1,29312025.5482743,247431811
"Hispanic",2021-08-13,79.7851715120022,72.8429711759254,1,40780746,247431811
"Native Hawaiian or Other Pacific Islander",2021-08-13,86.3070069527087,72.8429711759254,1,392829.667334817,247431811
"Other",2021-08-13,75.4815129060211,72.8429711759254,1,4529217.7110364,247431811
"White",2021-08-13,71.1869537612396,72.8429711759254,1,156235961.624679,247431811
"American Indian or Alaska Native",2021-08-14,68.9997888002801,72.9779513608836,1,1578661.68748209,247431811
"Asian",2021-08-14,93.196841400639,72.9779513608836,1,14602368.7611932,247431811
"Black",2021-08-14,61.700179124359,72.9779513608836,1,29312025.5482743,247431811
"Hispanic",2021-08-14,80.0352388968866,72.9779513608836,1,40780746,247431811
"Native Hawaiian or Other Pacific Islander",2021-08-14,86.3499038601087,72.9779513608836,1,392829.667334817,247431811
"Other",2021-08-14,75.6348474788436,72.9779513608836,1,4529217.7110364,247431811
"White",2021-08-14,71.2915459016188,72.9779513608836,1,156235961.624679,247431811
"American Indian or Alaska Native",2021-08-15,69.0930564945784,73.1084171517053,1,1578661.68748209,247431811
"Asian",2021-08-15,93.2170348462473,73.1084171517053,1,14602368.7611932,247431811
"Black",2021-08-15,61.8824528463765,73.1084171517053,1,29312025.5482743,247431811
"Hispanic",2021-08-15,80.2668205887386,73.1084171517053,1,40780746,247431811
"Native Hawaiian or Other Pacific Islander",2021-08-15,86.3928007675086,73.1084171517053,1,392829.667334817,247431811
"Other",2021-08-15,75.788182051666,73.1084171517053,1,4529217.7110364,247431811
"White",2021-08-15,71.396138041998,73.1084171517053,1,156235961.624679,247431811
"American Indian or Alaska Native",2021-08-16,69.1823492978202,73.237446397585,1,1578661.68748209,247431811
"Asian",2021-08-16,93.2368010743783,73.237446397585,1,14602368.7611932,247431811
"Black",2021-08-16,62.0647265683939,73.237446397585,1,29312025.5482743,247431811
"Hispanic",2021-08-16,80.4899930788266,73.237446397585,1,40780746,247431811
"Native Hawaiian or Other Pacific Islander",2021-08-16,86.4356976749086,73.237446397585,1,392829.667334817,247431811
"Other",2021-08-16,75.9415166244884,73.237446397585,1,4529217.7110364,247431811
"White",2021-08-16,71.5007301823773,73.237446397585,1,156235961.624679,247431811
"American Indian or Alaska Native",2021-08-17,69.2714310462488,73.3664742968952,1,1578661.68748209,247431811
"Asian",2021-08-17,93.2565673025094,73.3664742968952,1,14602368.7611932,247431811
"Black",2021-08-17,62.2470002904114,73.3664742968952,1,29312025.5482743,247431811
"Hispanic",2021-08-17,80.7131655689146,73.3664742968952,1,40780746,247431811
"Native Hawaiian or Other Pacific Islander",2021-08-17,86.4785945823086,73.3664742968952,1,392829.667334817,247431811
"Other",2021-08-17,76.0948511973108,73.3664742968952,1,4529217.7110364,247431811
"White",2021-08-17,71.6053223227565,73.3664742968952,1,156235961.624679,247431811
"American Indian or Alaska Native",2021-08-18,69.3605127946775,73.4954997605163,1,1578661.68748209,247431811
"Asian",2021-08-18,93.2763335306405,73.4954997605163,1,14602368.7611932,247431811
"Black",2021-08-18,62.4292534520292,73.4954997605163,1,29312025.5482743,247431811
"Hispanic",2021-08-18,80.9363380590026,73.4954997605163,1,40780746,247431811
"Native Hawaiian or Other Pacific Islander",2021-08-18,86.5214914897085,73.4954997605163,1,392829.667334817,247431811
"Other",2021-08-18,76.2481857701332,73.4954997605163,1,4529217.7110364,247431811
"White",2021-08-18,71.7099144631357,73.4954997605163,1,156235961.624679,247431811
"American Indian or Alaska Native",2021-08-19,69.4495945431062,73.6244998312165,1,1578661.68748209,247431811
"Asian",2021-08-19,93.2960997587715,73.6244998312165,1,14602368.7611932,247431811
"Black",2021-08-19,62.6112922642023,73.6244998312165,1,29312025.5482743,247431811
"Hispanic",2021-08-19,81.1595105490906,73.6244998312165,1,40780746,247431811
"Native Hawaiian or Other Pacific Islander",2021-08-19,86.5643883971085,73.6244998312165,1,392829.667334817,247431811
"Other",2021-08-19,76.4015203429557,73.6244998312165,1,4529217.7110364,247431811
"White",2021-08-19,71.8145066035149,73.6244998312165,1,156235961.624679,247431811
"American Indian or Alaska Native",2021-08-20,69.5386762915349,73.7534861850605,1,1578661.68748209,247431811
"Asian",2021-08-20,93.3156335597782,73.7534861850605,1,14602368.7611932,247431811
"Black",2021-08-20,62.7933310763754,73.7534861850605,1,29312025.5482743,247431811
"Hispanic",2021-08-20,81.3826830391786,73.7534861850605,1,40780746,247431811
"Native Hawaiian or Other Pacific Islander",2021-08-20,86.6072853045084,73.7534861850605,1,392829.667334817,247431811
"Other",2021-08-20,76.5548549157781,73.7534861850605,1,4529217.7110364,247431811
"White",2021-08-20,71.9190987438941,73.7534861850605,1,156235961.624679,247431811
"American Indian or Alaska Native",2021-08-21,69.6277580399636,73.8823196825197,1,1578661.68748209,247431811
"Asian",2021-08-21,93.3325772651145,73.8823196825197,1,14602368.7611932,247431811
"Black",2021-08-21,62.9753698885484,73.8823196825197,1,29312025.5482743,247431811
"Hispanic",2021-08-21,81.6058555292666,73.8823196825197,1,40780746,247431811
"Native Hawaiian or Other Pacific Islander",2021-08-21,86.6501822119084,73.8823196825197,1,392829.667334817,247431811
"Other",2021-08-21,76.7081894886005,73.8823196825197,1,4529217.7110364,247431811
"White",2021-08-21,72.0236908842733,73.8823196825197,1,156235961.624679,247431811
"American Indian or Alaska Native",2021-08-22,69.7168397883923,74.0111531799789,1,1578661.68748209,247431811
"Asian",2021-08-22,93.3495209704508,74.0111531799789,1,14602368.7611932,247431811
"Black",2021-08-22,63.1574087007215,74.0111531799789,1,29312025.5482743,247431811
"Hispanic",2021-08-22,81.8290280193546,74.0111531799789,1,40780746,247431811
"Native Hawaiian or Other Pacific Islander",2021-08-22,86.6930791193084,74.0111531799789,1,392829.667334817,247431811
"Other",2021-08-22,76.8615240614229,74.0111531799789,1,4529217.7110364,247431811
"White",2021-08-22,72.1282830246525,74.0111531799789,1,156235961.624679,247431811
"American Indian or Alaska Native",2021-08-23,69.805921536821,74.1399866774381,1,1578661.68748209,247431811
"Asian",2021-08-23,93.3664646757871,74.1399866774381,1,14602368.7611932,247431811
"Black",2021-08-23,63.3394475128946,74.1399866774381,1,29312025.5482743,247431811
"Hispanic",2021-08-23,82.0522005094426,74.1399866774381,1,40780746,247431811
"Native Hawaiian or Other Pacific Islander",2021-08-23,86.7359760267083,74.1399866774381,1,392829.667334817,247431811
"Other",2021-08-23,77.0148586342453,74.1399866774381,1,4529217.7110364,247431811
"White",2021-08-23,72.2328751650318,74.1399866774381,1,156235961.624679,247431811
"American Indian or Alaska Native",2021-08-24,69.8950032852496,74.2688139019927,1,1578661.68748209,247431811
"Asian",2021-08-24,93.3834083811234,74.2688139019927,1,14602368.7611932,247431811
"Black",2021-08-24,63.5214863250677,74.2688139019927,1,29312025.5482743,247431811
"Hispanic",2021-08-24,82.2753349395074,74.2688139019927,1,40780746,247431811
"Native Hawaiian or Other Pacific Islander",2021-08-24,86.7788729341083,74.2688139019927,1,392829.667334817,247431811
"Other",2021-08-24,77.1681932070678,74.2688139019927,1,4529217.7110364,247431811
"White",2021-08-24,72.337467305411,74.2688139019927,1,156235961.624679,247431811
"American Indian or Alaska Native",2021-08-25,69.9784580084206,74.397283636421,1,1578661.68748209,247431811
"Asian",2021-08-25,93.4003520864597,74.397283636421,1,14602368.7611932,247431811
"Black",2021-08-25,63.7035251372408,74.397283636421,1,29312025.5482743,247431811
"Hispanic",2021-08-25,82.4965181727945,74.397283636421,1,40780746,247431811
"Native Hawaiian or Other Pacific Islander",2021-08-25,86.8217698415082,74.397283636421,1,392829.667334817,247431811
"Other",2021-08-25,77.3215277798902,74.397283636421,1,4529217.7110364,247431811
"White",2021-08-25,72.4420594457902,74.397283636421,1,156235961.624679,247431811
"American Indian or Alaska Native",2021-08-26,70.0618504595336,74.5257529735418,1,1578661.68748209,247431811
"Asian",2021-08-26,93.417295791796,74.5257529735418,1,14602368.7611932,247431811
"Black",2021-08-26,63.8855639494139,74.5257529735418,1,29312025.5482743,247431811
"Hispanic",2021-08-26,82.7177014060817,74.5257529735418,1,40780746,247431811
"Native Hawaiian or Other Pacific Islander",2021-08-26,86.8646667489082,74.5257529735418,1,392829.667334817,247431811
"Other",2021-08-26,77.4748623527126,74.5257529735418,1,4529217.7110364,247431811
"White",2021-08-26,72.5466515861694,74.5257529735418,1,156235961.624679,247431811
"American Indian or Alaska Native",2021-08-27,70.1452429106465,74.6542223106626,1,1578661.68748209,247431811
"Asian",2021-08-27,93.4342394971323,74.6542223106626,1,14602368.7611932,247431811
"Black",2021-08-27,64.067602761587,74.6542223106626,1,29312025.5482743,247431811
"Hispanic",2021-08-27,82.9388846393688,74.6542223106626,1,40780746,247431811
"Native Hawaiian or Other Pacific Islander",2021-08-27,86.9075636563081,74.6542223106626,1,392829.667334817,247431811
"Other",2021-08-27,77.628196925535,74.6542223106626,1,4529217.7110364,247431811
"White",2021-08-27,72.6512437265486,74.6542223106626,1,156235961.624679,247431811
"American Indian or Alaska Native",2021-08-28,70.2286353617594,74.7826916477835,1,1578661.68748209,247431811
"Asian",2021-08-28,93.4511832024686,74.7826916477835,1,14602368.7611932,247431811
"Black",2021-08-28,64.24964157376,74.7826916477835,1,29312025.5482743,247431811
"Hispanic",2021-08-28,83.1600678726559,74.7826916477835,1,40780746,247431811
"Native Hawaiian or Other Pacific Islander",2021-08-28,86.9504605637081,74.7826916477835,1,392829.667334817,247431811
"Other",2021-08-28,77.7815314983575,74.7826916477835,1,4529217.7110364,247431811
"White",2021-08-28,72.7558358669278,74.7826916477835,1,156235961.624679,247431811
"American Indian or Alaska Native",2021-08-29,70.3120278128724,74.9111609849043,1,1578661.68748209,247431811
"Asian",2021-08-29,93.4681269078048,74.9111609849043,1,14602368.7611932,247431811
"Black",2021-08-29,64.4316803859331,74.9111609849043,1,29312025.5482743,247431811
"Hispanic",2021-08-29,83.3812511059431,74.9111609849043,1,40780746,247431811
"Native Hawaiian or Other Pacific Islander",2021-08-29,86.9933574711081,74.9111609849043,1,392829.667334817,247431811
"Other",2021-08-29,77.9348660711799,74.9111609849043,1,4529217.7110364,247431811
"White",2021-08-29,72.860428007307,74.9111609849043,1,156235961.624679,247431811
"American Indian or Alaska Native",2021-08-30,70.3954202639853,75.0388331113181,1,1578661.68748209,247431811
"Asian",2021-08-30,93.4847171559348,75.0388331113181,1,14602368.7611932,247431811
"Black",2021-08-30,64.6137191981062,75.0388331113181,1,29312025.5482743,247431811
"Hispanic",2021-08-30,83.5977239306342,75.0388331113181,1,40780746,247431811
"Native Hawaiian or Other Pacific Islander",2021-08-30,87.036254378508,75.0388331113181,1,392829.667334817,247431811
"Other",2021-08-30,78.0882006440023,75.0388331113181,1,4529217.7110364,247431811
"White",2021-08-30,72.9650201476863,75.0388331113181,1,156235961.624679,247431811
"American Indian or Alaska Native",2021-08-31,70.4788127150982,75.1650159091108,1,1578661.68748209,247431811
"Asian",2021-08-31,93.5008206856703,75.1650159091108,1,14602368.7611932,247431811
"Black",2021-08-31,64.7957580102793,75.1650159091108,1,29312025.5482743,247431811
"Hispanic",2021-08-31,83.8053347292015,75.1650159091108,1,40780746,247431811
"Native Hawaiian or Other Pacific Islander",2021-08-31,87.079151285908,75.1650159091108,1,392829.667334817,247431811
"Other",2021-08-31,78.2415352168247,75.1650159091108,1,4529217.7110364,247431811
"White",2021-08-31,73.0696122880655,75.1650159091108,1,156235961.624679,247431811
"American Indian or Alaska Native",2021-09-01,70.5622051662111,75.2911160659415,1,1578661.68748209,247431811
"Asian",2021-09-01,93.5165746295655,75.2911160659415,1,14602368.7611932,247431811
"Black",2021-09-01,64.9777968224524,75.2911160659415,1,29312025.5482743,247431811
"Hispanic",2021-09-01,84.0129455277688,75.2911160659415,1,40780746,247431811
"Native Hawaiian or Other Pacific Islander",2021-09-01,87.1220481933079,75.2911160659415,1,392829.667334817,247431811
"Other",2021-09-01,78.3914821800117,75.2911160659415,1,4529217.7110364,247431811
"White",2021-09-01,73.1742044284447,75.2911160659415,1,156235961.624679,247431811
"American Indian or Alaska Native",2021-09-02,70.6455976173241,75.4171580590066,1,1578661.68748209,247431811
"Asian",2021-09-02,93.5313849026159,75.4171580590066,1,14602368.7611932,247431811
"Black",2021-09-02,65.1598356346255,75.4171580590066,1,29312025.5482743,247431811
"Hispanic",2021-09-02,84.220556326336,75.4171580590066,1,40780746,247431811
"Native Hawaiian or Other Pacific Islander",2021-09-02,87.1649451007079,75.4171580590066,1,392829.667334817,247431811
"Other",2021-09-02,78.5412940787711,75.4171580590066,1,4529217.7110364,247431811
"White",2021-09-02,73.2787965688239,75.4171580590066,1,156235961.624679,247431811
"American Indian or Alaska Native",2021-09-03,70.728990068437,75.5431781658022,1,1578661.68748209,247431811
"Asian",2021-09-03,93.5461951756663,75.5431781658022,1,14602368.7611932,247431811
"Black",2021-09-03,65.3416896980758,75.5431781658022,1,29312025.5482743,247431811
"Hispanic",2021-09-03,84.4281671249033,75.5431781658022,1,40780746,247431811
"Native Hawaiian or Other Pacific Islander",2021-09-03,87.2078420081078,75.5431781658022,1,392829.667334817,247431811
"Other",2021-09-03,78.6911059775305,75.5431781658022,1,4529217.7110364,247431811
"White",2021-09-03,73.3833887092031,75.5431781658022,1,156235961.624679,247431811
"American Indian or Alaska Native",2021-09-04,70.8123825195499,75.668787538699,1,1578661.68748209,247431811
"Asian",2021-09-04,93.5610054487168,75.668787538699,1,14602368.7611932,247431811
"Black",2021-09-04,65.5200766305266,75.668787538699,1,29312025.5482743,247431811
"Hispanic",2021-09-04,84.6357779234706,75.668787538699,1,40780746,247431811
"Native Hawaiian or Other Pacific Islander",2021-09-04,87.2507389155078,75.668787538699,1,392829.667334817,247431811
"Other",2021-09-04,78.84091787629,75.668787538699,1,4529217.7110364,247431811
"White",2021-09-04,73.4879808495823,75.668787538699,1,156235961.624679,247431811
"American Indian or Alaska Native",2021-09-05,70.8957749706629,75.7940878768855,1,1578661.68748209,247431811
"Asian",2021-09-05,93.5757931221782,75.7940878768855,1,14602368.7611932,247431811
"Black",2021-09-05,65.6984635629774,75.7940878768855,1,29312025.5482743,247431811
"Hispanic",2021-09-05,84.8433887220379,75.7940878768855,1,40780746,247431811
"Native Hawaiian or Other Pacific Islander",2021-09-05,87.2936358229078,75.7940878768855,1,392829.667334817,247431811
"Other",2021-09-05,78.9907297750494,75.7940878768855,1,4529217.7110364,247431811
"White",2021-09-05,73.592085682112,75.7940878768855,1,156235961.624679,247431811
"American Indian or Alaska Native",2021-09-06,70.9791674217758,75.9192434232315,1,1578661.68748209,247431811
"Asian",2021-09-06,93.590553327479,75.9192434232315,1,14602368.7611932,247431811
"Black",2021-09-06,65.8768504954282,75.9192434232315,1,29312025.5482743,247431811
"Hispanic",2021-09-06,85.0509995206052,75.9192434232315,1,40780746,247431811
"Native Hawaiian or Other Pacific Islander",2021-09-06,87.3365327303077,75.9192434232315,1,392829.667334817,247431811
"Other",2021-09-06,79.1405416738089,75.9192434232315,1,4529217.7110364,247431811
"White",2021-09-06,73.6959637742246,75.9192434232315,1,156235961.624679,247431811
"American Indian or Alaska Native",2021-09-07,71.0625598728887,76.0443989695775,1,1578661.68748209,247431811
"Asian",2021-09-07,93.6053135327799,76.0443989695775,1,14602368.7611932,247431811
"Black",2021-09-07,66.055237427879,76.0443989695775,1,29312025.5482743,247431811
"Hispanic",2021-09-07,85.2586103191725,76.0443989695775,1,40780746,247431811
"Native Hawaiian or Other Pacific Islander",2021-09-07,87.3794296377077,76.0443989695775,1,392829.667334817,247431811
"Other",2021-09-07,79.2903535725683,76.0443989695775,1,4529217.7110364,247431811
"White",2021-09-07,73.7998418663372,76.0443989695775,1,156235961.624679,247431811
"American Indian or Alaska Native",2021-09-08,71.1459523240016,76.1695321559756,1,1578661.68748209,247431811
"Asian",2021-09-08,93.6200737380807,76.1695321559756,1,14602368.7611932,247431811
"Black",2021-09-08,66.2336243603298,76.1695321559756,1,29312025.5482743,247431811
"Hispanic",2021-09-08,85.4660854516972,76.1695321559756,1,40780746,247431811
"Native Hawaiian or Other Pacific Islander",2021-09-08,87.4223265451076,76.1695321559756,1,392829.667334817,247431811
"Other",2021-09-08,79.4401654713277,76.1695321559756,1,4529217.7110364,247431811
"White",2021-09-08,73.9037199584498,76.1695321559756,1,156235961.624679,247431811
"American Indian or Alaska Native",2021-09-09,71.2293447751146,76.2944815118981,1,1578661.68748209,247431811
"Asian",2021-09-09,93.6348339433816,76.2944815118981,1,14602368.7611932,247431811
"Black",2021-09-09,66.4115065848602,76.2944815118981,1,29312025.5482743,247431811
"Hispanic",2021-09-09,85.6728079865122,76.2944815118981,1,40780746,247431811
"Native Hawaiian or Other Pacific Islander",2021-09-09,87.4652234525076,76.2944815118981,1,392829.667334817,247431811
"Other",2021-09-09,79.5899773700872,76.2944815118981,1,4529217.7110364,247431811
"White",2021-09-09,74.0075980505624,76.2944815118981,1,156235961.624679,247431811
"American Indian or Alaska Native",2021-09-10,71.3127372262275,76.4190150625999,1,1578661.68748209,247431811
"Asian",2021-09-10,93.6495941486824,76.4190150625999,1,14602368.7611932,247431811
"Black",2021-09-10,66.5892497289619,76.4190150625999,1,29312025.5482743,247431811
"Hispanic",2021-09-10,85.8771076448628,76.4190150625999,1,40780746,247431811
"Native Hawaiian or Other Pacific Islander",2021-09-10,87.5081203599076,76.4190150625999,1,392829.667334817,247431811
"Other",2021-09-10,79.7397892688466,76.4190150625999,1,4529217.7110364,247431811
"White",2021-09-10,74.111476142675,76.4190150625999,1,156235961.624679,247431811
"American Indian or Alaska Native",2021-09-11,71.395775543614,76.5427931844908,1,1578661.68748209,247431811
"Asian",2021-09-11,93.6643543539832,76.5427931844908,1,14602368.7611932,247431811
"Black",2021-09-11,66.7646520356977,76.5427931844908,1,29312025.5482743,247431811
"Hispanic",2021-09-11,86.0787049138745,76.5427931844908,1,40780746,247431811
"Native Hawaiian or Other Pacific Islander",2021-09-11,87.5506067967899,76.5427931844908,1,392829.667334817,247431811
"Other",2021-09-11,79.887972480493,76.5427931844908,1,4529217.7110364,247431811
"White",2021-09-11,74.2153542347876,76.5427931844908,1,156235961.624679,247431811
"American Indian or Alaska Native",2021-09-12,71.4783121715547,76.6618543585337,1,1578661.68748209,247431811
"Asian",2021-09-12,93.6791145592841,76.6618543585337,1,14602368.7611932,247431811
"Black",2021-09-12,66.9400543424336,76.6618543585337,1,29312025.5482743,247431811
"Hispanic",2021-09-12,86.2519640003148,76.6618543585337,1,40780746,247431811
"Native Hawaiian or Other Pacific Islander",2021-09-12,87.5925117337724,76.6618543585337,1,392829.667334817,247431811
"Other",2021-09-12,80.033848385396,76.6618543585337,1,4529217.7110364,247431811
"White",2021-09-12,74.3192323269002,76.6618543585337,1,156235961.624679,247431811
"American Indian or Alaska Native",2021-09-13,71.5608487994953,76.7798044314105,1,1578661.68748209,247431811
"Asian",2021-09-13,93.6938747645849,76.7798044314105,1,14602368.7611932,247431811
"Black",2021-09-13,67.1151869334917,76.7798044314105,1,29312025.5482743,247431811
"Hispanic",2021-09-13,86.4186754904728,76.7798044314105,1,40780746,247431811
"Native Hawaiian or Other Pacific Islander",2021-09-13,87.6344166707549,76.7798044314105,1,392829.667334817,247431811
"Other",2021-09-13,80.1797242902989,76.7798044314105,1,4529217.7110364,247431811
"White",2021-09-13,74.4231104190128,76.7798044314105,1,156235961.624679,247431811
"American Indian or Alaska Native",2021-09-14,71.643385427436,76.8974454321301,1,1578661.68748209,247431811
"Asian",2021-09-14,93.7086349698858,76.8974454321301,1,14602368.7611932,247431811
"Black",2021-09-14,67.2877105515371,76.8974454321301,1,29312025.5482743,247431811
"Hispanic",2021-09-14,86.5853869806308,76.8974454321301,1,40780746,247431811
"Native Hawaiian or Other Pacific Islander",2021-09-14,87.6763216077374,76.8974454321301,1,392829.667334817,247431811
"Other",2021-09-14,80.3256001952019,76.8974454321301,1,4529217.7110364,247431811
"White",2021-09-14,74.5269885111254,76.8974454321301,1,156235961.624679,247431811
"American Indian or Alaska Native",2021-09-15,71.7259220553767,77.0150864328496,1,1578661.68748209,247431811
"Asian",2021-09-15,93.7233951751866,77.0150864328496,1,14602368.7611932,247431811
"Black",2021-09-15,67.4602341695826,77.0150864328496,1,29312025.5482743,247431811
"Hispanic",2021-09-15,86.7520984707888,77.0150864328496,1,40780746,247431811
"Native Hawaiian or Other Pacific Islander",2021-09-15,87.7182265447198,77.0150864328496,1,392829.667334817,247431811
"Other",2021-09-15,80.4714761001048,77.0150864328496,1,4529217.7110364,247431811
"White",2021-09-15,74.630866603238,77.0150864328496,1,156235961.624679,247431811
"American Indian or Alaska Native",2021-09-16,71.8084586833174,77.1327233494681,1,1578661.68748209,247431811
"Asian",2021-09-16,93.7380861768862,77.1327233494681,1,14602368.7611932,247431811
"Black",2021-09-16,67.632757787628,77.1327233494681,1,29312025.5482743,247431811
"Hispanic",2021-09-16,86.9188099609468,77.1327233494681,1,40780746,247431811
"Native Hawaiian or Other Pacific Islander",2021-09-16,87.7601314817023,77.1327233494681,1,392829.667334817,247431811
"Other",2021-09-16,80.6173520050078,77.1327233494681,1,4529217.7110364,247431811
"White",2021-09-16,74.7347446953506,77.1327233494681,1,156235961.624679,247431811
"American Indian or Alaska Native",2021-09-17,71.8909953112581,77.2503139226839,1,1578661.68748209,247431811
"Asian",2021-09-17,93.7519919065337,77.2503139226839,1,14602368.7611932,247431811
"Black",2021-09-17,67.8052814056735,77.2503139226839,1,29312025.5482743,247431811
"Hispanic",2021-09-17,87.0855214511048,77.2503139226839,1,40780746,247431811
"Native Hawaiian or Other Pacific Islander",2021-09-17,87.8020364186848,77.2503139226839,1,392829.667334817,247431811
"Other",2021-09-17,80.7632279099108,77.2503139226839,1,4529217.7110364,247431811
"White",2021-09-17,74.8386227874632,77.2503139226839,1,156235961.624679,247431811
"American Indian or Alaska Native",2021-09-18,71.9735319391988,77.3679017455534,1,1578661.68748209,247431811
"Asian",2021-09-18,93.7658976361812,77.3679017455534,1,14602368.7611932,247431811
"Black",2021-09-18,67.9778050237189,77.3679017455534,1,29312025.5482743,247431811
"Hispanic",2021-09-18,87.2522329412628,77.3679017455534,1,40780746,247431811
"Native Hawaiian or Other Pacific Islander",2021-09-18,87.8439413556673,77.3679017455534,1,392829.667334817,247431811
"Other",2021-09-18,80.9089535630078,77.3679017455534,1,4529217.7110364,247431811
"White",2021-09-18,74.9425008795758,77.3679017455534,1,156235961.624679,247431811
"American Indian or Alaska Native",2021-09-19,72.0560685671395,77.4837556083668,1,1578661.68748209,247431811
"Asian",2021-09-19,93.7798033658287,77.4837556083668,1,14602368.7611932,247431811
"Black",2021-09-19,68.1503286417644,77.4837556083668,1,29312025.5482743,247431811
"Hispanic",2021-09-19,87.4189444314208,77.4837556083668,1,40780746,247431811
"Native Hawaiian or Other Pacific Islander",2021-09-19,87.8858462926497,77.4837556083668,1,392829.667334817,247431811
"Other",2021-09-19,81.0542449352668,77.4837556083668,1,4529217.7110364,247431811
"White",2021-09-19,75.0436454785798,77.4837556083668,1,156235961.624679,247431811
"American Indian or Alaska Native",2021-09-20,72.1386051950802,77.5992667978939,1,1578661.68748209,247431811
"Asian",2021-09-20,93.7937090954761,77.5992667978939,1,14602368.7611932,247431811
"Black",2021-09-20,68.3228522598098,77.5992667978939,1,29312025.5482743,247431811
"Hispanic",2021-09-20,87.5856559215788,77.5992667978939,1,40780746,247431811
"Native Hawaiian or Other Pacific Islander",2021-09-20,87.9276029440646,77.5992667978939,1,392829.667334817,247431811
"Other",2021-09-20,81.1990691805395,77.5992667978939,1,4529217.7110364,247431811
"White",2021-09-20,75.1442612985487,77.5992667978939,1,156235961.624679,247431811
"American Indian or Alaska Native",2021-09-21,72.2211418230209,77.7146586020135,1,1578661.68748209,247431811
"Asian",2021-09-21,93.8076148251236,77.7146586020135,1,14602368.7611932,247431811
"Black",2021-09-21,68.4953758778553,77.7146586020135,1,29312025.5482743,247431811
"Hispanic",2021-09-21,87.7523674117368,77.7146586020135,1,40780746,247431811
"Native Hawaiian or Other Pacific Islander",2021-09-21,87.9673447026126,77.7146586020135,1,392829.667334817,247431811
"Other",2021-09-21,81.3375461403179,77.7146586020135,1,4529217.7110364,247431811
"White",2021-09-21,75.2448771185176,77.7146586020135,1,156235961.624679,247431811
"American Indian or Alaska Native",2021-09-22,72.3025100837517,77.8296484291007,1,1578661.68748209,247431811
"Asian",2021-09-22,93.8215205547711,77.8296484291007,1,14602368.7611932,247431811
"Black",2021-09-22,68.6678994959007,77.8296484291007,1,29312025.5482743,247431811
"Hispanic",2021-09-22,87.9170350207377,77.8296484291007,1,40780746,247431811
"Native Hawaiian or Other Pacific Islander",2021-09-22,88.0067830145908,77.8296484291007,1,392829.667334817,247431811
"Other",2021-09-22,81.4728995480086,77.8296484291007,1,4529217.7110364,247431811
"White",2021-09-22,75.3454929384864,77.8296484291007,1,156235961.624679,247431811
"American Indian or Alaska Native",2021-09-23,72.3804338103699,77.9444308053858,1,1578661.68748209,247431811
"Asian",2021-09-23,93.8354262844186,77.9444308053858,1,14602368.7611932,247431811
"Black",2021-09-23,68.8404231139461,77.9444308053858,1,29312025.5482743,247431811
"Hispanic",2021-09-23,88.0816240361749,77.9444308053858,1,40780746,247431811
"Native Hawaiian or Other Pacific Islander",2021-09-23,88.0453036510142,77.9444308053858,1,392829.667334817,247431811
"Other",2021-09-23,81.5989077261309,77.9444308053858,1,4529217.7110364,247431811
"White",2021-09-23,75.4461087584553,77.9444308053858,1,156235961.624679,247431811
"American Indian or Alaska Native",2021-09-24,72.4583575369882,78.0469290904868,1,1578661.68748209,247431811
"Asian",2021-09-24,93.8493320140661,78.0469290904868,1,14602368.7611932,247431811
"Black",2021-09-24,69.0129467319916,78.0469290904868,1,29312025.5482743,247431811
"Hispanic",2021-09-24,88.1718501449682,78.0469290904868,1,40780746,247431811
"Native Hawaiian or Other Pacific Islander",2021-09-24,88.0835705575874,78.0469290904868,1,392829.667334817,247431811
"Other",2021-09-24,81.7234144423433,78.0469290904868,1,4529217.7110364,247431811
"White",2021-09-24,75.5467245784242,78.0469290904868,1,156235961.624679,247431811
"American Indian or Alaska Native",2021-09-25,72.5362812636065,78.1483407051114,1,1578661.68748209,247431811
"Asian",2021-09-25,93.8632377437136,78.1483407051114,1,14602368.7611932,247431811
"Black",2021-09-25,69.185470350037,78.1483407051114,1,29312025.5482743,247431811
"Hispanic",2021-09-25,88.2554830236143,78.1483407051114,1,40780746,247431811
"Native Hawaiian or Other Pacific Islander",2021-09-25,88.1218374641607,78.1483407051114,1,392829.667334817,247431811
"Other",2021-09-25,81.8479211585557,78.1483407051114,1,4529217.7110364,247431811
"White",2021-09-25,75.6473403983931,78.1483407051114,1,156235961.624679,247431811
"American Indian or Alaska Native",2021-09-26,72.6142049902247,78.2495249767221,1,1578661.68748209,247431811
"Asian",2021-09-26,93.877143473361,78.2495249767221,1,14602368.7611932,247431811
"Black",2021-09-26,69.3579939680825,78.2495249767221,1,29312025.5482743,247431811
"Hispanic",2021-09-26,88.3386619136186,78.2495249767221,1,40780746,247431811
"Native Hawaiian or Other Pacific Islander",2021-09-26,88.1601043707339,78.2495249767221,1,392829.667334817,247431811
"Other",2021-09-26,81.9640957740479,78.2495249767221,1,4529217.7110364,247431811
"White",2021-09-26,75.747956218362,78.2495249767221,1,156235961.624679,247431811
"American Indian or Alaska Native",2021-09-27,72.692128716843,78.3502527370926,1,1578661.68748209,247431811
"Asian",2021-09-27,93.8910492030085,78.3502527370926,1,14602368.7611932,247431811
"Black",2021-09-27,69.5305175861279,78.3502527370926,1,29312025.5482743,247431811
"Hispanic",2021-09-27,88.4192930741783,78.3502527370926,1,40780746,247431811
"Native Hawaiian or Other Pacific Islander",2021-09-27,88.1983712773071,78.3502527370926,1,392829.667334817,247431811
"Other",2021-09-27,82.0782706853674,78.3502527370926,1,4529217.7110364,247431811
"White",2021-09-27,75.8485720383309,78.3502527370926,1,156235961.624679,247431811
"American Indian or Alaska Native",2021-09-28,72.7700524434613,78.4509547878975,1,1578661.68748209,247431811
"Asian",2021-09-28,93.904954932656,78.4509547878975,1,14602368.7611932,247431811
"Black",2021-09-28,69.7030412041734,78.4509547878975,1,29312025.5482743,247431811
"Hispanic",2021-09-28,88.4997682453317,78.4509547878975,1,40780746,247431811
"Native Hawaiian or Other Pacific Islander",2021-09-28,88.2366381838804,78.4509547878975,1,392829.667334817,247431811
"Other",2021-09-28,82.1924455966868,78.4509547878975,1,4529217.7110364,247431811
"White",2021-09-28,75.9491878582998,78.4509547878975,1,156235961.624679,247431811
"American Indian or Alaska Native",2021-09-29,72.8479761700796,78.5516568387025,1,1578661.68748209,247431811
"Asian",2021-09-29,93.9188606623035,78.5516568387025,1,14602368.7611932,247431811
"Black",2021-09-29,69.8755648222188,78.5516568387025,1,29312025.5482743,247431811
"Hispanic",2021-09-29,88.580243416485,78.5516568387025,1,40780746,247431811
"Native Hawaiian or Other Pacific Islander",2021-09-29,88.2749050904536,78.5516568387025,1,392829.667334817,247431811
"Other",2021-09-29,82.3066205080063,78.5516568387025,1,4529217.7110364,247431811
"White",2021-09-29,76.0498036782687,78.5516568387025,1,156235961.624679,247431811
"American Indian or Alaska Native",2021-09-30,72.9258998966978,78.6523588895074,1,1578661.68748209,247431811
"Asian",2021-09-30,93.932766391951,78.6523588895074,1,14602368.7611932,247431811
"Black",2021-09-30,70.0480884402643,78.6523588895074,1,29312025.5482743,247431811
"Hispanic",2021-09-30,88.6607185876383,78.6523588895074,1,40780746,247431811
"Native Hawaiian or Other Pacific Islander",2021-09-30,88.3131719970268,78.6523588895074,1,392829.667334817,247431811
"Other",2021-09-30,82.4207954193257,78.6523588895074,1,4529217.7110364,247431811
"White",2021-09-30,76.1504194982375,78.6523588895074,1,156235961.624679,247431811
"American Indian or Alaska Native",2021-10-01,73.0038236233161,78.7529388314577,1,1578661.68748209,247431811
"Asian",2021-10-01,93.9466721215985,78.7529388314577,1,14602368.7611932,247431811
"Black",2021-10-01,70.2206120583097,78.7529388314577,1,29312025.5482743,247431811
"Hispanic",2021-10-01,88.7404528793814,78.7529388314577,1,40780746,247431811
"Native Hawaiian or Other Pacific Islander",2021-10-01,88.3514389036,78.7529388314577,1,392829.667334817,247431811
"Other",2021-10-01,82.5349703306451,78.7529388314577,1,4529217.7110364,247431811
"White",2021-10-01,76.2510353182064,78.7529388314577,1,156235961.624679,247431811
"American Indian or Alaska Native",2021-10-02,73.0817473499344,78.8534085177932,1,1578661.68748209,247431811
"Asian",2021-10-02,93.960577851246,78.8534085177932,1,14602368.7611932,247431811
"Black",2021-10-02,70.3931356763552,78.8534085177932,1,29312025.5482743,247431811
"Hispanic",2021-10-02,88.8199497676496,78.8534085177932,1,40780746,247431811
"Native Hawaiian or Other Pacific Islander",2021-10-02,88.3897058101733,78.8534085177932,1,392829.667334817,247431811
"Other",2021-10-02,82.6452595255424,78.8534085177932,1,4529217.7110364,247431811
"White",2021-10-02,76.3516511381753,78.8534085177932,1,156235961.624679,247431811
"American Indian or Alaska Native",2021-10-03,73.1596710765526,78.9537842999734,1,1578661.68748209,247431811
"Asian",2021-10-03,93.9744835808934,78.9537842999734,1,14602368.7611932,247431811
"Black",2021-10-03,70.5656592944006,78.9537842999734,1,29312025.5482743,247431811
"Hispanic",2021-10-03,88.8994466559179,78.9537842999734,1,40780746,247431811
"Native Hawaiian or Other Pacific Islander",2021-10-03,88.4279727167465,78.9537842999734,1,392829.667334817,247431811
"Other",2021-10-03,82.7504187230161,78.9537842999734,1,4529217.7110364,247431811
"White",2021-10-03,76.4522669581442,78.9537842999734,1,156235961.624679,247431811
"American Indian or Alaska Native",2021-10-04,73.2375948031709,79.0541443380154,1,1578661.68748209,247431811
"Asian",2021-10-04,93.9883893105409,79.0541443380154,1,14602368.7611932,247431811
"Black",2021-10-04,70.7381829124461,79.0541443380154,1,29312025.5482743,247431811
"Hispanic",2021-10-04,88.9789435441861,79.0541443380154,1,40780746,247431811
"Native Hawaiian or Other Pacific Islander",2021-10-04,88.4662396233197,79.0541443380154,1,392829.667334817,247431811
"Other",2021-10-04,82.8547178159672,79.0541443380154,1,4529217.7110364,247431811
"White",2021-10-04,76.5528827781131,79.0541443380154,1,156235961.624679,247431811
"American Indian or Alaska Native",2021-10-05,73.3155185297892,79.1541597653887,1,1578661.68748209,247431811
"Asian",2021-10-05,94.0022950401884,79.1541597653887,1,14602368.7611932,247431811
"Black",2021-10-05,70.9107065304915,79.1541597653887,1,29312025.5482743,247431811
"Hispanic",2021-10-05,89.0584404324544,79.1541597653887,1,40780746,247431811
"Native Hawaiian or Other Pacific Islander",2021-10-05,88.5045065298929,79.1541597653887,1,392829.667334817,247431811
"Other",2021-10-05,82.9587967239061,79.1541597653887,1,4529217.7110364,247431811
"White",2021-10-05,76.6529592192148,79.1541597653887,1,156235961.624679,247431811
"American Indian or Alaska Native",2021-10-06,73.3934422564075,79.2538139006178,1,1578661.68748209,247431811
"Asian",2021-10-06,94.0162007698359,79.2538139006178,1,14602368.7611932,247431811
"Black",2021-10-06,71.083230148537,79.2538139006178,1,29312025.5482743,247431811
"Hispanic",2021-10-06,89.1379373207226,79.2538139006178,1,40780746,247431811
"Native Hawaiian or Other Pacific Islander",2021-10-06,88.5427734364662,79.2538139006178,1,392829.667334817,247431811
"Other",2021-10-06,83.0625179877127,79.2538139006178,1,4529217.7110364,247431811
"White",2021-10-06,76.7524738477831,79.2538139006178,1,156235961.624679,247431811
"American Indian or Alaska Native",2021-10-07,73.4710556501232,79.3534338915878,1,1578661.68748209,247431811
"Asian",2021-10-07,94.0297152598728,79.3534338915878,1,14602368.7611932,247431811
"Black",2021-10-07,71.2557537665824,79.3534338915878,1,29312025.5482743,247431811
"Hispanic",2021-10-07,89.2174342089908,79.3534338915878,1,40780746,247431811
"Native Hawaiian or Other Pacific Islander",2021-10-07,88.5809455550106,79.3534338915878,1,392829.667334817,247431811
"Other",2021-10-07,83.1657517049468,79.3534338915878,1,4529217.7110364,247431811
"White",2021-10-07,76.8519884763514,79.3534338915878,1,156235961.624679,247431811
"American Indian or Alaska Native",2021-10-08,73.5486631809191,79.4518862531819,1,1578661.68748209,247431811
"Asian",2021-10-08,94.0432223584715,79.4518862531819,1,14602368.7611932,247431811
"Black",2021-10-08,71.4282773846279,79.4518862531819,1,29312025.5482743,247431811
"Hispanic",2021-10-08,89.2969310972591,79.4518862531819,1,40780746,247431811
"Native Hawaiian or Other Pacific Islander",2021-10-08,88.6190846756878,79.4518862531819,1,392829.667334817,247431811
"Other",2021-10-08,83.2688491333676,79.4518862531819,1,4529217.7110364,247431811
"White",2021-10-08,76.9496587074088,79.4518862531819,1,156235961.624679,247431811
"American Indian or Alaska Native",2021-10-09,73.626270711715,79.5491816462466,1,1578661.68748209,247431811
"Asian",2021-10-09,94.0567294570701,79.5491816462466,1,14602368.7611932,247431811
"Black",2021-10-09,71.5999562587491,79.5491816462466,1,29312025.5482743,247431811
"Hispanic",2021-10-09,89.3764279855273,79.5491816462466,1,40780746,247431811
"Native Hawaiian or Other Pacific Islander",2021-10-09,88.6572202639154,79.5491816462466,1,392829.667334817,247431811
"Other",2021-10-09,83.3719321773585,79.5491816462466,1,4529217.7110364,247431811
"White",2021-10-09,77.0456555521188,79.5491816462466,1,156235961.624679,247431811
"American Indian or Alaska Native",2021-10-10,73.703878242511,79.6451647625213,1,1578661.68748209,247431811
"Asian",2021-10-10,94.0702365556688,79.6451647625213,1,14602368.7611932,247431811
"Black",2021-10-10,71.7607469378523,79.6451647625213,1,29312025.5482743,247431811
"Hispanic",2021-10-10,89.4559248737955,79.6451647625213,1,40780746,247431811
"Native Hawaiian or Other Pacific Islander",2021-10-10,88.6953558521431,79.6451647625213,1,392829.667334817,247431811
"Other",2021-10-10,83.4750152213494,79.6451647625213,1,4529217.7110364,247431811
"White",2021-10-10,77.1416169122191,79.6451647625213,1,156235961.624679,247431811
"American Indian or Alaska Native",2021-10-11,73.7814857733069,79.7400844642949,1,1578661.68748209,247431811
"Asian",2021-10-11,94.0837436542674,79.7400844642949,1,14602368.7611932,247431811
"Black",2021-10-11,71.9215376169556,79.7400844642949,1,29312025.5482743,247431811
"Hispanic",2021-10-11,89.5289696344869,79.7400844642949,1,40780746,247431811
"Native Hawaiian or Other Pacific Islander",2021-10-11,88.7334914403707,79.7400844642949,1,392829.667334817,247431811
"Other",2021-10-11,83.5780982653403,79.7400844642949,1,4529217.7110364,247431811
"White",2021-10-11,77.2375782723194,79.7400844642949,1,156235961.624679,247431811
"American Indian or Alaska Native",2021-10-12,73.8590933041028,79.8345966067259,1,1578661.68748209,247431811
"Asian",2021-10-12,94.0972507528661,79.8345966067259,1,14602368.7611932,247431811
"Black",2021-10-12,72.0823282960588,79.8345966067259,1,29312025.5482743,247431811
"Hispanic",2021-10-12,89.5996235763992,79.8345966067259,1,40780746,247431811
"Native Hawaiian or Other Pacific Islander",2021-10-12,88.7716270285984,79.8345966067259,1,392829.667334817,247431811
"Other",2021-10-12,83.6804430421336,79.8345966067259,1,4529217.7110364,247431811
"White",2021-10-12,77.3335396324197,79.8345966067259,1,156235961.624679,247431811
"American Indian or Alaska Native",2021-10-13,73.9367008348987,79.9285369791945,1,1578661.68748209,247431811
"Asian",2021-10-13,94.110218613402,79.9285369791945,1,14602368.7611932,247431811
"Black",2021-10-13,72.2431189751621,79.9285369791945,1,29312025.5482743,247431811
"Hispanic",2021-10-13,89.6702775183116,79.9285369791945,1,40780746,247431811
"Native Hawaiian or Other Pacific Islander",2021-10-13,88.809762616826,79.9285369791945,1,392829.667334817,247431811
"Other",2021-10-13,83.7532904680044,79.9285369791945,1,4529217.7110364,247431811
"White",2021-10-13,77.42950099252,79.9285369791945,1,156235961.624679,247431811
"American Indian or Alaska Native",2021-10-14,74.0143083656946,80.0224648476224,1,1578661.68748209,247431811
"Asian",2021-10-14,94.1229745975311,80.0224648476224,1,14602368.7611932,247431811
"Black",2021-10-14,72.4039096542653,80.0224648476224,1,29312025.5482743,247431811
"Hispanic",2021-10-14,89.7409314602239,80.0224648476224,1,40780746,247431811
"Native Hawaiian or Other Pacific Islander",2021-10-14,88.8478982050536,80.0224648476224,1,392829.667334817,247431811
"Other",2021-10-14,83.8261378938751,80.0224648476224,1,4529217.7110364,247431811
"White",2021-10-14,77.5254623526203,80.0224648476224,1,156235961.624679,247431811
"American Indian or Alaska Native",2021-10-15,74.0919158964905,80.1163927160503,1,1578661.68748209,247431811
"Asian",2021-10-15,94.1357305816602,80.1163927160503,1,14602368.7611932,247431811
"Black",2021-10-15,72.5647003333686,80.1163927160503,1,29312025.5482743,247431811
"Hispanic",2021-10-15,89.8115854021362,80.1163927160503,1,40780746,247431811
"Native Hawaiian or Other Pacific Islander",2021-10-15,88.8860337932813,80.1163927160503,1,392829.667334817,247431811
"Other",2021-10-15,83.8989853197458,80.1163927160503,1,4529217.7110364,247431811
"White",2021-10-15,77.6214237127206,80.1163927160503,1,156235961.624679,247431811
"American Indian or Alaska Native",2021-10-16,74.1695234272864,80.2103205844782,1,1578661.68748209,247431811
"Asian",2021-10-16,94.1484865657893,80.2103205844782,1,14602368.7611932,247431811
"Black",2021-10-16,72.7254910124719,80.2103205844782,1,29312025.5482743,247431811
"Hispanic",2021-10-16,89.8822393440486,80.2103205844782,1,40780746,247431811
"Native Hawaiian or Other Pacific Islander",2021-10-16,88.9241693815089,80.2103205844782,1,392829.667334817,247431811
"Other",2021-10-16,83.9718327456166,80.2103205844782,1,4529217.7110364,247431811
"White",2021-10-16,77.7173850728209,80.2103205844782,1,156235961.624679,247431811
"American Indian or Alaska Native",2021-10-17,74.2469143241857,80.304247070741,1,1578661.68748209,247431811
"Asian",2021-10-17,94.1612425499184,80.304247070741,1,14602368.7611932,247431811
"Black",2021-10-17,72.8862816915751,80.304247070741,1,29312025.5482743,247431811
"Hispanic",2021-10-17,89.9528932859609,80.304247070741,1,40780746,247431811
"Native Hawaiian or Other Pacific Islander",2021-10-17,88.9623049697366,80.304247070741,1,392829.667334817,247431811
"Other",2021-10-17,84.0446801714873,80.304247070741,1,4529217.7110364,247431811
"White",2021-10-17,77.8133464329212,80.304247070741,1,156235961.624679,247431811
"American Indian or Alaska Native",2021-10-18,74.3231814113169,80.3981663868852,1,1578661.68748209,247431811
"Asian",2021-10-18,94.1739985340475,80.3981663868852,1,14602368.7611932,247431811
"Black",2021-10-18,73.0470723706784,80.3981663868852,1,29312025.5482743,247431811
"Hispanic",2021-10-18,90.0235472278732,80.3981663868852,1,40780746,247431811
"Native Hawaiian or Other Pacific Islander",2021-10-18,89.0004405579642,80.3981663868852,1,392829.667334817,247431811
"Other",2021-10-18,84.117527597358,80.3981663868852,1,4529217.7110364,247431811
"White",2021-10-18,77.9093077930215,80.3981663868852,1,156235961.624679,247431811
"American Indian or Alaska Native",2021-10-19,74.3994484984482,80.4918426059502,1,1578661.68748209,247431811
"Asian",2021-10-19,94.1867545181766,80.4918426059502,1,14602368.7611932,247431811
"Black",2021-10-19,73.2078630497816,80.4918426059502,1,29312025.5482743,247431811
"Hispanic",2021-10-19,90.0927262102411,80.4918426059502,1,40780746,247431811
"Native Hawaiian or Other Pacific Islander",2021-10-19,89.0385761461918,80.4918426059502,1,392829.667334817,247431811
"Other",2021-10-19,84.1903750232288,80.4918426059502,1,4529217.7110364,247431811
"White",2021-10-19,78.0052691531217,80.4918426059502,1,156235961.624679,247431811
"American Indian or Alaska Native",2021-10-20,74.4757155855795,80.5848779062393,1,1578661.68748209,247431811
"Asian",2021-10-20,94.1995105023057,80.5848779062393,1,14602368.7611932,247431811
"Black",2021-10-20,73.3658240327211,80.5848779062393,1,29312025.5482743,247431811
"Hispanic",2021-10-20,90.1610469548582,80.5848779062393,1,40780746,247431811
"Native Hawaiian or Other Pacific Islander",2021-10-20,89.0767117344195,80.5848779062393,1,392829.667334817,247431811
"Other",2021-10-20,84.2632224490995,80.5848779062393,1,4529217.7110364,247431811
"White",2021-10-20,78.1009703939061,80.5848779062393,1,156235961.624679,247431811
"American Indian or Alaska Native",2021-10-21,74.5519826727107,80.6751509960042,1,1578661.68748209,247431811
"Asian",2021-10-21,94.2122664864348,80.6751509960042,1,14602368.7611932,247431811
"Black",2021-10-21,73.5076212918381,80.6751509960042,1,29312025.5482743,247431811
"Hispanic",2021-10-21,90.2283254033737,80.6751509960042,1,40780746,247431811
"Native Hawaiian or Other Pacific Islander",2021-10-21,89.1148473226471,80.6751509960042,1,392829.667334817,247431811
"Other",2021-10-21,84.3360698749703,80.6751509960042,1,4529217.7110364,247431811
"White",2021-10-21,78.1956017039753,80.6751509960042,1,156235961.624679,247431811
"American Indian or Alaska Native",2021-10-22,74.628249759842,80.7654240857691,1,1578661.68748209,247431811
"Asian",2021-10-22,94.2250224705639,80.7654240857691,1,14602368.7611932,247431811
"Black",2021-10-22,73.6494185509551,80.7654240857691,1,29312025.5482743,247431811
"Hispanic",2021-10-22,90.2956038518893,80.7654240857691,1,40780746,247431811
"Native Hawaiian or Other Pacific Islander",2021-10-22,89.1529829108748,80.7654240857691,1,392829.667334817,247431811
"Other",2021-10-22,84.408917300841,80.7654240857691,1,4529217.7110364,247431811
"White",2021-10-22,78.2902330140445,80.7654240857691,1,156235961.624679,247431811
"American Indian or Alaska Native",2021-10-23,74.7045168469733,80.8552901560828,1,1578661.68748209,247431811
"Asian",2021-10-23,94.237778454693,80.8552901560828,1,14602368.7611932,247431811
"Black",2021-10-23,73.7912158100722,80.8552901560828,1,29312025.5482743,247431811
"Hispanic",2021-10-23,90.3604127634347,80.8552901560828,1,40780746,247431811
"Native Hawaiian or Other Pacific Islander",2021-10-23,89.1911184991024,80.8552901560828,1,392829.667334817,247431811
"Other",2021-10-23,84.4817647267117,80.8552901560828,1,4529217.7110364,247431811
"White",2021-10-23,78.3848643241137,80.8552901560828,1,156235961.624679,247431811
"American Indian or Alaska Native",2021-10-24,74.7807839341045,80.9446442517697,1,1578661.68748209,247431811
"Asian",2021-10-24,94.2505344388221,80.9446442517697,1,14602368.7611932,247431811
"Black",2021-10-24,73.9330130691892,80.9446442517697,1,29312025.5482743,247431811
"Hispanic",2021-10-24,90.42211533629,80.9446442517697,1,40780746,247431811
"Native Hawaiian or Other Pacific Islander",2021-10-24,89.2292540873301,80.9446442517697,1,392829.667334817,247431811
"Other",2021-10-24,84.5546121525825,80.9446442517697,1,4529217.7110364,247431811
"White",2021-10-24,78.4794956341829,80.9446442517697,1,156235961.624679,247431811
"American Indian or Alaska Native",2021-10-25,74.8570510212358,81.0339564843561,1,1578661.68748209,247431811
"Asian",2021-10-25,94.2632904229512,81.0339564843561,1,14602368.7611932,247431811
"Black",2021-10-25,74.0748103283062,81.0339564843561,1,29312025.5482743,247431811
"Hispanic",2021-10-25,90.4838179091453,81.0339564843561,1,40780746,247431811
"Native Hawaiian or Other Pacific Islander",2021-10-25,89.2673896755577,81.0339564843561,1,392829.667334817,247431811
"Other",2021-10-25,84.6251725912931,81.0339564843561,1,4529217.7110364,247431811
"White",2021-10-25,78.5741269442521,81.0339564843561,1,156235961.624679,247431811
"American Indian or Alaska Native",2021-10-26,74.9333181083671,81.1231679983085,1,1578661.68748209,247431811
"Asian",2021-10-26,94.2760464070803,81.1231679983085,1,14602368.7611932,247431811
"Black",2021-10-26,74.2166075874233,81.1231679983085,1,29312025.5482743,247431811
"Hispanic",2021-10-26,90.5455204820007,81.1231679983085,1,40780746,247431811
"Native Hawaiian or Other Pacific Islander",2021-10-26,89.3055252637854,81.1231679983085,1,392829.667334817,247431811
"Other",2021-10-26,84.6902307566308,81.1231679983085,1,4529217.7110364,247431811
"White",2021-10-26,78.6687582543213,81.1231679983085,1,156235961.624679,247431811
"American Indian or Alaska Native",2021-10-27,75.0095851954983,81.2123038131463,1,1578661.68748209,247431811
"Asian",2021-10-27,94.2881952654989,81.2123038131463,1,14602368.7611932,247431811
"Black",2021-10-27,74.3584048465403,81.2123038131463,1,29312025.5482743,247431811
"Hispanic",2021-10-27,90.607223054856,81.2123038131463,1,40780746,247431811
"Native Hawaiian or Other Pacific Islander",2021-10-27,89.343660852013,81.2123038131463,1,392829.667334817,247431811
"Other",2021-10-27,84.7531108647049,81.2123038131463,1,4529217.7110364,247431811
"White",2021-10-27,78.7633895643905,81.2123038131463,1,156235961.624679,247431811
"American Indian or Alaska Native",2021-10-28,75.0858522826296,81.3013467392203,1,1578661.68748209,247431811
"Asian",2021-10-28,94.2987701577074,81.3013467392203,1,14602368.7611932,247431811
"Black",2021-10-28,74.5002021056573,81.3013467392203,1,29312025.5482743,247431811
"Hispanic",2021-10-28,90.6689256277114,81.3013467392203,1,40780746,247431811
"Native Hawaiian or Other Pacific Islander",2021-10-28,89.3817964402406,81.3013467392203,1,392829.667334817,247431811
"Other",2021-10-28,84.815990972779,81.3013467392203,1,4529217.7110364,247431811
"White",2021-10-28,78.8580208744596,81.3013467392203,1,156235961.624679,247431811
"American Indian or Alaska Native",2021-10-29,75.1621193697609,81.3899822116542,1,1578661.68748209,247431811
"Asian",2021-10-29,94.3093450499159,81.3899822116542,1,14602368.7611932,247431811
"Black",2021-10-29,74.6419993647743,81.3899822116542,1,29312025.5482743,247431811
"Hispanic",2021-10-29,90.728156029212,81.3899822116542,1,40780746,247431811
"Native Hawaiian or Other Pacific Islander",2021-10-29,89.4199320284683,81.3899822116542,1,392829.667334817,247431811
"Other",2021-10-29,84.8788710808531,81.3899822116542,1,4529217.7110364,247431811
"White",2021-10-29,78.9526521845288,81.3899822116542,1,156235961.624679,247431811
"American Indian or Alaska Native",2021-10-30,75.2383864568921,81.4785994534486,1,1578661.68748209,247431811
"Asian",2021-10-30,94.3199199421244,81.4785994534486,1,14602368.7611932,247431811
"Black",2021-10-30,74.7837966238914,81.4785994534486,1,29312025.5482743,247431811
"Hispanic",2021-10-30,90.7872758187059,81.4785994534486,1,40780746,247431811
"Native Hawaiian or Other Pacific Islander",2021-10-30,89.4580676166959,81.4785994534486,1,392829.667334817,247431811
"Other",2021-10-30,84.9417511889272,81.4785994534486,1,4529217.7110364,247431811
"White",2021-10-30,79.047283494598,81.4785994534486,1,156235961.624679,247431811
"American Indian or Alaska Native",2021-10-31,75.3146535440234,81.5670700790892,1,1578661.68748209,247431811
"Asian",2021-10-31,94.3280104770991,81.5670700790892,1,14602368.7611932,247431811
"Black",2021-10-31,74.9255938830084,81.5670700790892,1,29312025.5482743,247431811
"Hispanic",2021-10-31,90.8463956081999,81.5670700790892,1,40780746,247431811
"Native Hawaiian or Other Pacific Islander",2021-10-31,89.4962032049236,81.5670700790892,1,392829.667334817,247431811
"Other",2021-10-31,85.0046312970013,81.5670700790892,1,4529217.7110364,247431811
"White",2021-10-31,79.1419148046672,81.5670700790892,1,156235961.624679,247431811
"American Indian or Alaska Native",2021-11-01,75.3909206311547,81.6524313373491,1,1578661.68748209,247431811
"Asian",2021-11-01,94.3360953962963,81.6524313373491,1,14602368.7611932,247431811
"Black",2021-11-01,75.0673911421254,81.6524313373491,1,29312025.5482743,247431811
"Hispanic",2021-11-01,90.9055153976938,81.6524313373491,1,40780746,247431811
"Native Hawaiian or Other Pacific Islander",2021-11-01,89.5343387931512,81.6524313373491,1,392829.667334817,247431811
"Other",2021-11-01,85.0675114050754,81.6524313373491,1,4529217.7110364,247431811
"White",2021-11-01,79.231622316205,81.6524313373491,1,156235961.624679,247431811
